file_name,source,original_text,text,status,reviewed_at
clips/7614176017476848914_000009.wav,gold,"но имаме луѓе кои што истите тие луѓе се вмешани во студенцки активизам не директно, но тоа не го мешаат со своите приватни определби.","но имаме луѓе кои што истите тие луѓе се вмешани во студентски активизам не директно, но тоа не го мешаат со своите приватни определби.",edited,2026-09-13T23:00:36
clips/7614176017476848914_000010.wav,gold,Не е етички доколку тие луѓе не знаат да направат разлика и се чисти партијски патрони.,Не е етички доколку тие луѓе не знаат да направат разлика и се чисти партијски патрони.,kept,2026-09-13T23:00:50
clips/7615629414516247815_000000.wav,gold,Јас ја водам таа иницијатива за заголемување на студентскиот оброк,Јас ја водам таа иницијатива за зголемување на студентскиот оброк,edited,2026-09-13T23:01:16
clips/7615629414516247815_000003.wav,gold,"Економски гледано, тој студентски оброк, доколку се инвестира,","Економски гледано, тој студентски оброк, доколку се инвестира,",kept,2026-09-13T23:01:21
clips/7615629414516247815_000016.wav,gold,Нема да го користат за други работи.,Нема да го користат за други работи.,kept,2026-09-13T23:01:39
clips/7614176017476848914_000000.wav,silver,"Кога ќе спомнеме студентско организирање и студентско тело,","Кога ќе спомнеме студентско организирање и студентско тело,",kept,2026-09-13T23:04:12
clips/7614176017476848914_000001.wav,silver,веднаш на тие студенти им се припишува дека застапуваат интереси,веднаш на тие студенти им се препишува дека застапуваат интереси,edited,2026-09-13T23:04:36
clips/7614176017476848914_000002.wav,silver,на одредена политичка партија или дека сакаат да спроведат,на одредена политичка партија или дека сакаат да спроведат,kept,2026-09-13T23:04:50
clips/7614176017476848914_000003.wav,silver,одредена политичка пропаганда.,одредена политичка пропаганда.,kept,2026-09-13T23:04:54
clips/7614176017476848914_000005.wav,silver,"Секуј си има право да си биде определен политички, приватно.","Секој си има право да си биде определен политички, приватно.",edited,2026-09-13T23:05:16
clips/7614176017476848914_000006.wav,silver,"Но тоа, доколку е вешено во студентскиот активизм,","Но тоа, доколку е вмешано во студентскиот активизм,",edited,2026-09-13T23:05:37
clips/7614176017476848914_000007.wav,silver,не е етички само доколку не знае да се стави разлика и граница.,не е етички само доколку не знае да се стави разлика и граница.,kept,2026-09-13T23:05:43
clips/7614176017476848914_000008.wav,silver,"Има луѓе, како што ги кажува, кои што се вмешани во партија и имаат приватен партијски живот, кај што се партијски активни,","Има луѓе, како што ги кажуваш, кои што се вмешани во партија и имаат приватен партиски живот, кај што се партиски активни,",edited,2026-09-13T23:06:16
clips/7615629414516247815_000001.wav,silver,само по барање на студентите.,само по барање на студентите.,kept,2026-09-13T23:06:22
clips/7615629414516247815_000004.wav,silver,"е многу поврзо ке имаме зграда на Финки,","е многу побрзо ке имаме зграда на Финки,",edited,2026-09-13T23:06:40
clips/7615629414516247815_000005.wav,silver,"многу поврзо ке имаме дивки на зграда,","многу поврзо диф ќе има зграда,",edited,2026-09-13T23:08:12
clips/7615629414516247815_000006.wav,silver,многу поврзо ке се реконструират студентските домовини.,многу побрзо ке се реконструират студентските домовини.,edited,2026-09-13T23:08:30
clips/7615629414516247815_000007.wav,silver,Нема да ни треба донација од Европска Унија.,Нема да ни треба донација од Европска Унија.,kept,2026-09-13T23:08:34
clips/7615629414516247815_000008.wav,silver,Нема да ни треба такви нас донација.,Нема да ни требаат такви нас донации.,edited,2026-09-13T23:09:19
clips/7615629414516247815_000009.wav,silver,"Ние дефинитивно, значит, околу 14 до 15 милиони евра се вложуваат","Ние дефинитивно, значи, околу 14 до 15 милиони евра се вложуваат",edited,2026-09-13T23:09:51
clips/7615629414516247815_000010.wav,silver,секој пат во студенцки оброк. Тоа се пари кои што наистина,секој пат во студентски оброк. Тоа се пари кои што навистина,edited,2026-09-13T23:10:14
clips/7615629414516247815_000011.wav,silver,"можат да се искористат за многу работи. Но, сепак, јас не сметам","можат да се искористат за многу работи. Но, сепак, јас не сметам",kept,2026-09-13T23:10:22
clips/7615629414516247815_000012.wav,silver,дека сите студенти не треба да заемаат студенцки оброк,дека сите студенти не треба да заемаат студентски оброк,edited,2026-09-13T23:10:40
clips/7615629414516247815_000013.wav,silver,или дека не треба да им се покачи.,или дека не треба да им се покачи.,kept,2026-09-13T23:10:44
clips/7615629414516247815_000014.wav,silver,Ама имаме социјални категории кои што наистина,Ама имаме социјални категории кои што навистина,edited,2026-09-13T23:11:02
clips/7615629414516247815_000015.wav,silver,този студенцки оброк ќе го користат за оброк.,тој студентски оброк ќе го користат за оброк.,edited,2026-09-13T23:12:02
clips/7620163994858392840_000015.wav,gold,и од таму нека да почнуват скалите и е напето.,и оттаму некаде почнуваат скалите и е напето,edited,2026-09-14T12:46:33
clips/7630833456850799892_000000.wav,gold,Има ли некој кој што прв ги гледа видејата која ќе ги измунтираш?,Има ли некој кој што прв ги гледа видеата кога ќе ги измонтираш?,edited,2026-09-14T12:48:05
clips/7630833456850799892_000001.wav,gold,"Јас, значи, аз кога ги мунтирам видеја, јас го гледам по сто пати, значи ќе го измунтирам, првиш не го оставам телефона или компјутерот, зависи.","Јас, значи јас кога монтирам видеа, јас го гледам по сто пати, значи ќе го измонтирам првично ќе го оставам телефонот или компјутерот зависи.",edited,2026-09-14T12:49:34
clips/7630833456850799892_000002.wav,gold,"После саат време, повторно го отварам, гледам дали ми фали нешто и вообишто на децата, со моите деца, кои што, нели Бабаружи и ФНУЦите,","После саат време повторно го отварам гледам дали ми фали нешто и вообичаено на децата, со моите деца, кои што, нели баба Ружа и внуците",edited,2026-09-14T12:51:23
clips/7630833456850799892_000003.wav,gold,"во сочност тие се и фнуците, кои ми помагаат и знаат по неква што критика да дадат, иако се мали.",всушност тие се и внуците и кои ми помагаат и знаат понекогаш и критика да дадат иако се мали.,edited,2026-09-14T12:52:14
clips/7630833456850799892_000006.wav,gold,Единааесет и седом.,Единааесет и седом.,kept,2026-09-14T12:52:15
clips/7630833456850799892_000007.wav,gold,Кој повеќе ти помага? Или двајцата се вклучене?,Кој повеќе ти помага? Или двајцата се вклучени?,edited,2026-09-14T12:52:59
clips/7630833456850799892_000008.wav,gold,"И двајцата помага, да, реално и двајцата помага.","И двајцата помагаат, да, реално и двајцата помагат",edited,2026-09-14T12:53:30
clips/7630833456850799892_000009.wav,gold,"И морам да кажам дека работат, они буквално работат за мене за хонорар.","И морам да кажам дека работат, они буквално работат за мене за хонорар.",edited,2026-09-14T12:54:06
clips/7630833456850799892_000010.wav,gold,"За хонорар? Да, тоа ми кажа која се слушавме.",За хонорар? Да тоа ми кажа и кога се слушнавме.,edited,2026-09-14T12:54:27
clips/7630833456850799892_000012.wav,gold,"Добро го, како хонорар. Договорене сте фикснал?","Добро, колкав хонорар? Договорени сте фиксно?",edited,2026-09-14T12:55:05
clips/7630833456850799892_000014.wav,gold,"значи соки и нешто, благо или чипс.",значи сок и нешто благо или чипс.,edited,2026-09-14T12:55:38
clips/7630833456850799892_000017.wav,gold,"Чекай сега. 500 денари е хранарина, плус...","Чекај сега, петстотина денари е хранарина, плус..",edited,2026-09-14T12:56:27
clips/7630833456850799892_000021.wav,gold,"А, плус хранарина. Добро, хранарината не е вклучена.","А, плус хранарина. Добро, хранарината не е вклучена.",edited,2026-09-14T12:57:05
clips/7635359970418101512_000012.wav,gold,"Следно е оваа мисвак паста, која што сите ми препоречава да си ја купам.","Следно е оваа мисвак паста, која што сите ми ја препорачаа да си ја купам.",edited,2026-09-14T12:59:48
clips/7635359970418101512_000013.wav,gold,Јас стварно не знам што е толку по-синокула е оваа паста.,Јас стварно не знам што е толку посебно околу оваа паста.,edited,2026-09-14T13:00:14
clips/7635359970418101512_000016.wav,gold,"Може би е природна и убава, не знам е ли да не зборам пред време.","Можеби е природна и убава, не знам еве да не зборам пред време.",edited,2026-09-14T13:00:59
clips/7635359970418101512_000018.wav,gold,"И следно што сум се купила, тоа е ово стапче.","И следно што сум се купила, тоа е ова стапче.",edited,2026-09-14T13:01:28
clips/7635359970418101512_000019.wav,gold,"Задоша у Египет порано, немале четки за заби и сетоа, и имат стапчинја такви.",Затоа што во Египет порано немале нели четки за заби и се тоа и имат стапчиња такви.,edited,2026-09-14T13:02:23
clips/7635359970418101512_000022.wav,gold,"Буквално оцето како мирише, најлучиот оцето, тај.","Буквално оцет како мириса, најлошио оцет, тај.",edited,2026-09-14T13:03:04
clips/7635359970418101512_000024.wav,gold,Среки што сум мрдена по новата ера и не сум морала да користувам вакуолот и...,Среќа што сум родена во поновата ера и не сум морала да користам вакво оти...,edited,2026-09-14T13:03:56
clips/7635359970418101512_000029.wav,gold,"Кажува дека има како седативно действо некој или смежувало,","Кажува дека има како седативно дејство некое или смирувало,",edited,2026-09-14T13:04:39
clips/7635359970418101512_000030.wav,gold,ама оно е како не се препорачува да возиш кола.,ама оноа како не се препорачува да возиш кола.,edited,2026-09-14T13:05:00
clips/7651642155898785032_000007.wav,gold,"Ако си како мене и цел ден се снимаш, сликаш, скролаш, пак се снимаш,","Ако си како мене и цел ден се снимаш, сликаш, скролаш, пак се снимаш,",kept,2026-09-14T13:06:00
clips/7651642155898785032_000008.wav,gold,што ова е делот што најмногу ке ти се допадне.,што ова е делот што најмногу ке ти се допадне.,kept,2026-09-14T13:06:10
clips/7651642155898785032_000011.wav,gold,"И уште нешто, ако го земеш до 28. июни,","И уште нешто, ако го земеш до дваесет и осми јуни,",edited,2026-09-14T13:06:33
clips/7651642155898785032_000016.wav,gold,"Не позирай, слободно движе се.","Не позирај, слободно движи се.",edited,2026-09-14T13:07:00
clips/7659733710522109202_000008.wav,gold,"Чека, ако нека им кажам дека сум инфуенсарка.","Чекај, ако не ќе им кажам дека сум инфлуенсерка.",edited,2026-09-14T13:08:11
clips/7671331711338253575_000002.wav,gold,Да бе замаху таа твојта книга да правам таа торта ти што сега праваш многу.,Абе земах од таа твојта книга да правам торта ти што си га праваш многу.,edited,2026-09-14T13:09:35
clips/7671331711338253575_000005.wav,gold,Арно имах кафеен де.,Арно имах кафеен де.,kept,2026-09-14T13:09:52
clips/7671331711338253575_000006.wav,gold,"Турих пише к лажица, ваљда и она кафеена се мисля, ама немам кафеена лажица.","Турих, пише к лажица, ваљда и она кафена се мисле, ама немам кафена лажица.",edited,2026-09-14T13:10:43
clips/7671331711338253575_000011.wav,gold,"Зе ни проби тама, растрачки се у кујната,","Земи проби тама, растрчки се ѕ кујната!",edited,2026-09-14T13:11:21
clips/7679118148963978517_000000.wav,gold,Дата центрите се еднината на човештвото и владата ќе го преземе институционалниот ризик и ќе ги изгради.,Дата центрите се иднината на човештвото и владата ќе го превземе институционалниот ризик и ќе ги изгради.,edited,2026-09-14T13:13:17
clips/7679118148963978517_000002.wav,gold,"били премирот Мицкоске. Македонија треба да одлучи дали сака да биде лидер во регионот или на дното,","вели премиерот Мицкоски. Македонија треба да одлучи дали сака да биде лидер во регионот или на дното,",edited,2026-09-14T13:14:11
clips/7679118148963978517_000003.wav,gold,но од оваа индустрија владата нема да се откажа.,но од оваа индустрија владата нема да се откаже.,edited,2026-09-14T13:14:30
clips/7679118148963978517_000004.wav,gold,"и тука, сакам да кажам, дека они испраќаат пораки кои што се стари 10, 15, 20 години, има сосема по инакви начини на наладење, во зависност од намената на тие дата центари, дали тие ќе се користат за вешточка интелигенција или за други цели, но исто така сакам и една друга работа да ја кажам, која што до сега многу малку се комуницира, ние во државата имаме дата центар,","и тука сакам да кажам, дека они испраќаат пораки кои што се стари десет, петнаесет, дваесет години,има сосема поинакви начини на ладење, во зависност од намената на тие дата центри, дали тие ќе се користат за вештачка интелигенција или за други цели, но исто така сакам и една друга работа да ја кажам, која што досега многу малку се комуницира, ние во државата имаме дата центар,",edited,2026-09-14T13:18:04
clips/7679118148963978517_000005.wav,gold,"Ние имаме дата центар во Прилеп, но тој дата центар е практично секундарен или дата центар кој што ние го нарекуваме рекавари дата центар.","Ние имаме дата центар во Прилеп, но тој дата центар е практично секундарен или дата центар кој што ние го нарекуваме рекавари дата центар.",kept,2026-09-14T13:18:25
clips/7679118148963978517_000006.wav,gold,"Сега, секоја институција од сайбер напади се брани како знае и уме.","Сега, секоја институција од сајбер напади се брани како знае и умее.",edited,2026-09-14T13:19:04
clips/7679118148963978517_000007.wav,gold,"А потоа, тој примарен датацентар ќе го поврзаме со веќе постоечкиот секундарен датацентар,","А потоа, тој примарен датацентар ќе го поврзиме со веќе постоечкиот секундарен дата центар,",edited,2026-09-14T13:20:00
clips/7679118148963978517_000008.wav,gold,"кој што е во Прилепско, за да имаме заштита.","кој што е во Прилепско, за да имаме заштита.",kept,2026-09-14T13:20:14
clips/7679118148963978517_000009.wav,gold,"Ако не да е боже настане, би рекол, упад во системот на интероперабилност,","Ако не дај боже настане, би рекол, упад во системот на интероперабилност,",edited,2026-09-14T13:21:11
clips/7679118148963978517_000010.wav,gold,да можеме преко секундарниот датацентар да ги заштитиме податоците.,да можеме преку секундарниот датацентар да ги заштитиме податоците.,edited,2026-09-14T13:21:29
clips/7679118148963978517_000011.wav,gold,Од опозицијската сада сама вела дека немаат ништо против инвестиција,Од опозицијската сдсм велат дека немаат ништо против инвестиции,edited,2026-09-14T13:22:18
clips/7679118148963978517_000013.wav,gold,"Но инвестицијите мора да бидат во интерес на Македонија,","Но инвестициите мора да бидат во интерес на Македонија,",edited,2026-09-14T13:22:41
clips/7679118148963978517_000014.wav,gold,а не ресурсите на Македонија да се стават во функција на тоги профити.,а не ресурсите на Македонија да се стават во функција на туѓи профити.,edited,2026-09-14T13:23:07
clips/7679118148963978517_000015.wav,gold,Мицкоски не кажува колку струје и колку вода ке трошат датацентрите.,Мицкоски не кажува колку струја и колку вода ќе трошат дата центрите.,edited,2026-09-14T13:23:42
clips/7679118148963978517_000016.wav,gold,Не кажува дека земјоделците може да немаат вода за нивите,Не кажува дека земјоделците може да немаат вода за нивите,kept,2026-09-14T13:23:52
clips/7679118148963978517_000017.wav,gold,и дека грагјаните ке плакјат по висока цена за струјата.,и дека граѓаните ќе плаќаат повисока цена за струјата.,edited,2026-09-14T13:24:16
clips/7679118148963978517_000018.wav,gold,"Македонија нема ресурси за експерименти зад затворени врати,","Македонија нема ресурси за експерименти зад затворени врати,",kept,2026-09-14T13:24:36
clips/7679118148963978517_000019.wav,gold,особено не со водата.,особено не со водата.,kept,2026-09-14T13:24:41
clips/7679118148963978517_000022.wav,gold,Властта планира огромни потрошувачки на вода без да ги објави,Власта планира огромни потрошувачки на вода без да ги објави,edited,2026-09-14T13:25:16
clips/7679118148963978517_000023.wav,gold,основните анализи. Истото важи и за струјата.,основните анализи. Истото важи и за струјата.,kept,2026-09-14T13:25:24
clips/7679118148963978517_000024.wav,gold,Македонија нема стабелен енергетски систем за Мицкоски однапред,Македонија нема стабилен енергетски систем за Мицкоски однапред,edited,2026-09-14T13:25:42
clips/7679118148963978517_000025.wav,gold,да ветува државни ресурси без јавност да знае колку ке чини тоа,да ветува државни ресурси без јавноста да знае колку ке чини тоа,edited,2026-09-14T13:26:32
clips/7679118148963978517_000027.wav,gold,"туку опасно коцкане со водата, струјата и земјата на граѓаните,","туку опасно коцкање со водата, струјата и земјата на граѓаните,",edited,2026-09-14T13:27:00
clips/7679118148963978517_000029.wav,gold,"Премирот, вчера Сообштите КВК се преговара со 5 до 6 потенциални инвеститори",Премиерот вчера соопшти дека веќе се преговара со пет до шест потенцијални инвеститори,edited,2026-09-14T13:27:58
clips/7679118148963978517_000030.wav,gold,за изградба на дата центри во Македонија.,за изградба на дата центри во Македонија.,kept,2026-09-14T13:28:01
clips/7679484792164912391_000000.wav,gold,Од 1. септември тргнува градски одвоз од Зелениково до Централната железничка станица во Скопје.,"Од 1. септември тргнува градскиот воз, од Зелениково до Централната железничка станица во Скопје.",edited,2026-09-14T13:33:48
clips/7679484792164912391_000001.wav,gold,"Возовите ке се обраќаат 8 пати дневно во двата правци, а ке се патува околу 25 минути.","Возовите ке се обраќаат 8 пати дневно во двата правци, а ќе се патува околу 25 минути.",edited,2026-09-14T13:34:23
clips/7679484792164912391_000007.wav,gold,додека повратниот билет ке чини 70.,додека повратниот билет ке чини 70.,kept,2026-09-14T13:34:42
clips/7679484792164912391_000008.wav,gold,"За редовните патници ке има и месечен билет,","За редовните патници ке има и месечен билет,",kept,2026-09-14T13:35:03
clips/7679484792164912391_000010.wav,gold,"Нашите и техниќки екипи се спремни,","Нашите и технички екипи се спремни,",edited,2026-09-14T13:35:32
clips/7679484792164912391_000011.wav,gold,"ганитурите се ке биде спремни за првата фаза,","гарнитурите ќе бидат спремни за првата фаза,",edited,2026-09-14T13:36:14
clips/7679484792164912391_000012.wav,gold,"така да главниот фокус ќе го постигнеме, а тоа е да отпори да се по првата фаза на градски воз","така да главниот фокус ќе го постигнеме, а тоа е да од први да се почне со првата фаза на градски воз",edited,2026-09-14T13:37:11
clips/7679484792164912391_000013.wav,gold,"и пресе главниот фокус кон помладите, односно кон срешколците, студентите и источни.","и пред се главниот фокус кон помладите, односно кон средношколците, студентите и слично.",edited,2026-09-14T13:38:17
clips/7679484792164912391_000014.wav,gold,Кошутиќ вели дека го разгледували возниот ред на ЈСП за автобусите и ги усогласиле двете врски.,Кошутиќ вели дека го разгледувале и возниот ред на ЈСП за автобусите и ги усогласиле двете врски.,edited,2026-09-14T13:38:58
clips/7679484792164912391_000015.wav,gold,"Целта е ако некој со воз пристигне на Железничка и треба да продолжи со автобус или обратно, да нема долго чекање.","Целта е ако некој со воз пристигне на Железничка и треба да продолжи со автобус или обратно, да нема долго чекање.",kept,2026-09-14T13:39:12
clips/7679484792164912391_000016.wav,gold,Називаме и возниот ред на ЈСП така да не оскоптуваме повеќе од плюс-минус 5 минути.,Направивме и возен ред со ЈСП така да нема отстапување повеќе од плус-минус пет минути.,edited,2026-09-14T14:07:49
clips/7679484792164912391_000018.wav,gold,Мислам дека дека има интерес.,Мислам дека дека има интерес.,kept,2026-09-14T14:08:30
clips/7679484792164912391_000024.wav,gold,"Зашто да не, ќе биде.","Зашто да не, ќе биде.",kept,2026-09-14T14:08:38
clips/7679484792164912391_000031.wav,gold,Додека третата ке се протега од Железничка,Додека третата ке се протега од Железничка,edited,2026-09-14T14:09:14
clips/7679484792164912391_000032.wav,gold,"преку Скопје Севери, Гјорче Петров до Волково.","преку Скопје север, Ѓорче Петров до Волково.",edited,2026-09-14T14:10:06
clips/7679768664425450753_000000.wav,gold,Му бараат мала палачинка.,Ми бараат мала палачинка.,edited,2026-09-14T14:10:48
clips/7679768664425450753_000002.wav,gold,"Еве, зошто веќе не правиме сецкани палачинки?","Еве, зошто веќе не правиме сецкани палачинки?",kept,2026-09-14T14:11:30
clips/7679768664425450753_000005.wav,gold,"Можеа да јадат палачинки дорека пешачат, дорека возат кола.","Можеа да јадат палачинки додека пешачат, додека возат кола.",edited,2026-09-14T14:12:05
clips/7679768664425450753_000006.wav,gold,Секогаш и тогаш се појавија експертите.,Секогаш и тогаш се појавија експертите.,kept,2026-09-14T14:12:15
clips/7679768664425450753_000009.wav,gold,И сега луѓето се лутат. Ние сме сакале да ги сецкаме.,И сега луѓето се лутат. Не сме сакале да ги сецкаме.,edited,2026-09-14T14:12:38
clips/7679768664425450753_000011.wav,gold,"И така, решивме од 1 сетембри сецкани палачинки,","И така, решивме од 1 сетември сецкани палачинки,",edited,2026-09-14T14:13:06
clips/7679768664425450753_000012.wav,gold,повторно достапни во сите наши локации.,повторно достапни во сите наши локации.,kept,2026-09-14T14:13:12
clips/7620163994858392840_000000.wav,silver,"Денеска се одеме на Исаро, да дај ги гледачи. Денеска е 22. март, ден на пролета и на овај ден, за сите ние кои што сме од Штип е празник, води дошов одеме на Исаро.","Денеска се оде на Исаро, драги гледачи, денеска е дваесет и втори Март, ден на пролетта и на овај ден, за сите ние кои што сме од Штип е празник, заради тоа шо одеме на Исаро.",edited,2026-09-15T12:39:22
clips/7620163994858392840_000001.wav,silver,"Значи вака, има неколку теории што се праве на овај ден.","Значи вака, има неколку теории што се праве на овај ден.",kept,2026-09-15T12:39:35
clips/7620163994858392840_000002.wav,silver,"Треба да се искачеш најгоре на Исаро, значи на врво на Исаро и затоа што има 40 скали за 40 маченици.","Треба да се искачеш најгоре на Исаро, значи на врво на Исаро и затоа што има 40 скали за 40 маченици.",kept,2026-09-15T12:40:13
clips/7620163994858392840_000003.wav,silver,"И сега има различни теории што се браја нели на овај ден, меѓу кој едната теорија, тоа е теоријата која јас јас ја правив кога беше мала, поздравуваш се со 40 машки нагоре, нели како се качуваш кој Сарок, се поздравуваш со 39 машки и 40-иот треба да го бациш, значи не се поздравиш најнормално, туку го бациш, сакаш симпатијата.","И сега има различни теории што се праве нели на овај ден,",edited,2026-09-15T12:40:46
clips/7620163994858392840_000004.wav,silver,и многу луѓе ќуваш си во тај кој што ти ја 40 и тоа е за твојата симпатија сак што ти симпатија тие 40.,"меѓу кој едната теорија, тоа е теоријата која јас јас ја правив ког",edited,2026-09-15T12:40:46
clips/7620163994858392840_000005.wav,silver,"Едната теорија, теоријато кој што јас ќе правам, друга теорија е да се качеш горе на брво и фрлеш горе од брво 40 каменчинја","а беше мала, поздравуваш се со 40 машки нагоре, нели како се качува",edited,2026-09-15T12:40:46
clips/7620163994858392840_000006.wav,silver,"и 40-тото каменче не го фрлеш, туку си го зачуваш и си домислиш желба, си го ставиш каменчето под перницата","и 40-тото каменче не го фрлеш, туку си го зачуваш и си замислеш желба,си го ставиш каменчето под перницата",edited,2026-09-15T12:42:22
clips/7620163994858392840_000007.wav,silver,"и таа желба да се исполне. И на мене стварно ми се ми исполнеа се таа желба, не знам дали е конфиденција,","и таа желба да се исполне. И на мене стварно ми се има исполнето таа желба, не знам дали е коинциденција.",edited,2026-09-15T12:43:22
clips/7620163994858392840_000008.wav,silver,"али, това, сигурно сум дека има и многу други теории, еве може да компутирате луѓе кои што се очетират,","али, сигурна сум дека има и многу други теории, еве можат да коментират луѓе кои што се од Штип,",edited,2026-09-15T12:44:13
clips/7620163994858392840_000009.wav,silver,"али, ајде да ви покажам како изгледа у ствари овај ден и како изгледа патот кон врване и савро.",али ајде да ви покажам како изгледа уствари овај ден и како изгледа патот кон врвот на исарот.,edited,2026-09-15T12:45:02
clips/7620163994858392840_000011.wav,silver,"Поред некоја година, тук нека да имаше... Продава се пелинја.","Пред некоја година, тука некаде имаше.. Продаваа се пилиња.",edited,2026-09-15T12:45:50
clips/7620163994858392840_000012.wav,silver,Тоа беше една и единствена година која ќе ја виде дека се во стари продава пелинја.,Тоа беше една и единствена година каде што јас виде дека се уствари продаваат пилиња.,edited,2026-09-15T12:46:28
clips/7620163994858392840_000013.wav,silver,Надејам се дека и оваа година ќе се продава джим и сега ќе си купам и ќе го изчувам.,Надевам се дека и оваа година ќе се продава жими се ќе си купам и ќе го исчувам.,edited,2026-09-15T12:47:05
clips/7620163994858392840_000014.wav,silver,Произгледа и е многу угарничева.,Еве како изгледа и е многу угорничево.,edited,2026-09-15T12:47:29
clips/7620163994858392840_000016.wav,silver,"Да се напето физички, астораните се ополучките.","Мислам напето, физички ставро е исцрпувачки.",edited,2026-09-15T12:48:30
clips/7620163994858392840_000017.wav,silver,Ако размислам како сме го правиле ово како маѓу.,Ако размислам како сме го правиле ово како мали.,edited,2026-09-15T12:48:40
clips/7620163994858392840_000018.wav,silver,"Едно кај не знам дали знаеш, ама штипе цели овака","Инаку не знам дали знаеш,пример Штип е целио вака",edited,2026-09-15T12:49:15
clips/7620163994858392840_000020.wav,silver,"и заради тоа не е толку препараќливо,","и заради тоа не е толку препорачливо,",edited,2026-09-15T12:49:33
clips/7620163994858392840_000021.wav,silver,мислам не е препараќливо.,"мислам не е препорачливо,",edited,2026-09-15T12:49:50
clips/7620163994858392840_000022.wav,silver,"Не можеш да возиш точок,","Не можеш да возиш точок,",kept,2026-09-15T12:49:53
clips/7620163994858392840_000023.wav,silver,"Пример да градско превозно средстват и да точак, не може заради тоа што е многу горничево и долничево.","Пример да градско превозно средство ти биде точок, не може заради тоа што е многу угорничево и удолничево.",edited,2026-09-15T12:50:34
clips/7620163994858392840_000024.wav,silver,И после некоја време стигме да го шукаеме црквата.,И после некое време стигнуваш кај црквата.,edited,2026-09-15T12:51:05
clips/7620163994858392840_000025.wav,silver,"Свети Архангел Михаил, мислам дека се вика и на факултет.","Свети Архангел Михаил, мислам дека се вика и на факултет.",kept,2026-09-15T12:51:18
clips/7620163994858392840_000026.wav,silver,"Професорката по историја на Македонија, значи душата ни ја извади за овие цркви кои што биле градени во овај период.","Професорката по историја на Македонија, значи душата ни ја извади за овие цркви кои што биле градени во овај период.",kept,2026-09-15T12:51:34
clips/7620163994858392840_000027.wav,silver,И оваа црква ми се поднана мене некој лопки уздан.,И оваа црква ми се падна на мене на колоквиум.,edited,2026-09-15T12:51:58
clips/7620163994858392840_000028.wav,silver,Нека знам дека знае все.,Нормално дека знаев се.,edited,2026-09-15T12:52:13
clips/7620163994858392840_000029.wav,silver,Има срекичка.,Има среќичка.,edited,2026-09-15T12:52:25
clips/7620163994858392840_000030.wav,silver,Многу скали.,Многу скали.,kept,2026-09-15T12:53:02
clips/7620163994858392840_000031.wav,silver,Стигнеш некаде во средината.,Стигнеш некаде во средината.,kept,2026-09-15T12:53:12
clips/7620163994858392840_000032.wav,silver,"И имаш, исто така, некои какво тескички, окей.","И имаш, исто така некои како тезгички, океј",edited,2026-09-15T12:53:38
clips/7620163994858392840_000033.wav,silver,И еве ги спомениците кои што се по број 40 за 40 маченици.,И еве ги спомениците кои што се по број 40 за 40 маченици.,kept,2026-09-15T12:53:44
clips/7620163994858392840_000035.wav,silver,Оваќи сега ќувам и треба да дземисам за оба.,Овоа ќе си го чувам и треба да си замислам желба.,edited,2026-09-15T12:55:14
clips/7630833456850799892_000011.wav,silver,Имаат хонорар и...,Имаат хонорар и...,kept,2026-09-15T12:55:45
clips/7630833456850799892_000013.wav,silver,"Да, да, да. 500 денари и си купуваат глупости од маркет,","Да, да, да. 500 денари и си купуваат глупости од маркет,",kept,2026-09-15T12:55:52
clips/7630833456850799892_000015.wav,silver,Па толку е за 500 денари денеска?,Па толку е за 500 денари денеска?,kept,2026-09-15T12:55:58
clips/7630833456850799892_000016.wav,silver,"Плус 500 денари, тоа е хранарина.","Плус 500 денари, тоа е хранарина.",kept,2026-09-15T12:56:01
clips/7630833456850799892_000018.wav,silver,"Не, 500 денари си е хонораро.","Не, 500 денари си е хонораро.",kept,2026-09-15T12:56:05
clips/7630833456850799892_000022.wav,silver,"Хранарината може и повеќе од хонорар, некојаш дочини.","Хранарината може и повеќе од хонорар, некогаш да чини.",edited,2026-09-15T12:56:20
clips/7630833456850799892_000023.wav,silver,"Да, да. И се мотивират и сакат, нели?","Да, да. И се мотивират и сакат, нели?",kept,2026-09-15T12:56:23
clips/7630833456850799892_000024.wav,silver,Тоа е многу убаво.,Тоа е многу убаво.,kept,2026-09-15T12:56:36
clips/7630833456850799892_000025.wav,silver,"Да ма ги прашувам, секој кога ги прашувам, нема тука да снимем.","Да ама ги прашувам, секогаш ги прашувам, нема тука ај да снимаме",edited,2026-09-15T12:58:20
clips/7630833456850799892_000026.wav,silver,"Дали сакате да снимаме, може ќе го научиме тоа, по правил.","Дали сакате да снимаме, може ќе го научиш ли тоа, значи по правило.",edited,2026-09-15T12:58:58
clips/7635359970418101512_000000.wav,silver,"Што сум си купила од Египет, и ако случајно некоја што одеш за Египет, да знаеш што можеш да си купиш, значи ово е препорака од мене.","Што сум си купила од Египет, и ако случајно некоја што одеш за Египет, да знаеш што можеш да си купиш, значи ово е препорака од мене.",kept,2026-09-15T13:00:00
clips/7635359970418101512_000001.wav,silver,"First things first, јас се лезе у аптеката, решава, имате ли нешто за коса, некој е оил, I don't know, препорачи ми, земи ми ги парите.","First things first, јас влезе у аптеката, прашав имате ли нешто за коса, некој oil, I don't know, препорачај ми, земи ми ги парите.",edited,2026-09-15T13:01:21
clips/7635359970418101512_000002.wav,silver,"Ја рече, да, овоа ти е добро, Amla Hair Serum, Snake Oil, 7 евро, ово коштеше.","И он рече, овоа ти е добро, Amla Hair Serum, Snake Oil, 7 евро,овоа кошташе.",edited,2026-09-15T13:02:00
clips/7635359970418101512_000003.wav,silver,"Следно нешто е млеко за тело, млеко од Камила. Исто така ми препоречава на инстаграм дека треба да си купам млеко за тело од млеко од Камила и од млеко од Магара.","Следно нешто е млеко за тело, млеко од Камила. Исто така м",edited,2026-09-15T13:02:16
clips/7635359970418101512_000004.wav,silver,"И е, веќе, пакувањцето беше некаде околу 4,5 евро.","И еве го пакувањето, беше некаде околу 4,5 евра.",edited,2026-09-15T13:02:55
clips/7635359970418101512_000005.wav,silver,"Парфем египетски, 25 евро и убаво мирише, али и отпосле Сванадико свари требао некој нефертити парфем да го купам, а овај ми го правиа посебно на мене, значи со ванила и дрво мирише.","Парфем египетски, 25 евра и убаво мириса,ама отпосле сфатив дека требало некој нефертити парфем да го купам, а овај ми го правија посебно за мене, значи со ванила и дрво мириса.",edited,2026-09-15T13:04:11
clips/7635359970418101512_000006.wav,silver,"Следно е оваа крема, истака препоречате ми ја да си ја купам, значи египетска крема за болка која што е многу функционирала, ово е мини пакување, значи постојат и поголеми пакувања, јас го купи минито и ово која што ќе 3 евра, мирише на ментол, има си некои ствари у него, гледаш ЕВС, 100% природно, it's fine.","Следно е оваа крема, исто така препорачате ми ја да си ја купам, значи египетска крема за болка која што е многу функционална. Овоа е мини пакување, значи постоат и поголеми пакувања, јас го купи минито и овоа кошташе 3 евра, мириса на ментол има некои ствари у него, гледаш еве се е 100 посто природно, It's fine.",edited,2026-09-15T13:06:01
clips/7635359970418101512_000007.wav,silver,Сеја сте ви ask me a question на инстаграм и вие ми кажат дека си изнекупувам работи и јава се ми јас си купи.,"Јас стави ask me a question на инстаграм и вие ми кажавте да си изнакупувам работи и еве сум јас, си ги купив.",edited,2026-09-15T13:06:57
clips/7635359970418101512_000008.wav,silver,"Следно е ово, значи ово не е оил, тука е исто така крема, ама е од Black Seeds, значи исто имаше препореки да си купам оил од Black Seeds.","Следно е ово, значи ово не е оил, туку е исто така крема, ама е од Black Seeds, значи исто имаше препореки да си купам оил од Black Seeds.",edited,2026-09-15T13:07:29
clips/7635359970418101512_000009.wav,silver,"И ја мислиш дека оил сум купила, аље ова е крема.","И ја мислеше дека сум си оил купила, ама овоа е крема.",edited,2026-09-15T13:07:57
clips/7635359970418101512_000010.wav,silver,"Што ми продадат, јас кажам дај, тоа е мојата тактика.","Што ми продадат, јас кажам дај, тоа е мојата тактика.",kept,2026-09-15T13:08:03
clips/7635359970418101512_000011.wav,silver,Ева како изгледа и мирише многу чудно.,Ева како изгледа и мирише многу чудно.,kept,2026-09-15T13:08:09
clips/7635359970418101512_000014.wav,silver,"Али у аптеката, ако улезеш, значи прво ти е наредено цел рафт,","Али у аптеката, ако улезеш, значи прво ти е наредено цел рафт,",kept,2026-09-15T13:08:14
clips/7635359970418101512_000015.wav,silver,"в.к. елка со оваа паста, која штоше 2 евро.","вака елка со оваа паста, која што кошташе две евра.",edited,2026-09-15T13:08:48
clips/7635359970418101512_000020.wav,silver,"Ајде да пробаме, јас се извинявам, нали го мора да се десам.","Ајде да пробаме, јас се извињавам, нели мора се да се проба.",edited,2026-09-15T13:09:36
clips/7635359970418101512_000021.wav,silver,"Ок, ева го стапчето.","Ок, еве го стапчето.",edited,2026-09-15T13:09:47
clips/7635359970418101512_000025.wav,silver,"Last but not least, што сум си купила и ово е оттука и се вика","Last but not least, што сум си купила и овоа е од тука и се вика",edited,2026-09-15T13:10:08
clips/7635359970418101512_000026.wav,silver,"Блу Лотос Хербелти, чај од Блу Лотос, кој што ми кажаа да си го купам таму,","Blue Lotus Herbal Tea, чај од Блу Лотос, кој што ми кажаа да си го купам таму,",edited,2026-09-15T13:11:05
clips/7635359970418101512_000027.wav,silver,"меѓутоа јас таму го бера и немаа го никаде, замисли.","меѓутоа јас таму го бара и немаа го никаде, замисли.",edited,2026-09-15T13:11:22
clips/7635359970418101512_000028.wav,silver,"Екшелј, бил заврнајет да се продава.",Actually бил забранет да се продава.,edited,2026-09-15T13:11:48
clips/7635359970418101512_000031.wav,silver,"И евре го, 900 денара кошта, 30 грама.","И евре го, 900 денара кошта, 30 грама.",kept,2026-09-15T13:11:53
clips/7635359970418101512_000032.wav,silver,"Вечер ќе си направам, па ќе напишам во описто на видеото каков ефект има и дали ми се стига.","Вечер ќе си направам, па ќе напишам во описто на видеото каков ефект има и дали ми се свиѓа.",edited,2026-09-15T13:12:26
clips/7635359970418101512_000033.wav,silver,"И бај до веј, морам да кажам за тоа што нашиот водич не однесе на едно место, таму една забутана као стоковна куќа или whatever that is,","И By the way, морам да кажам за тоа што нашиот водич не однесе на едно место, таму една забутана како стоковна куќа или whatever that is,",edited,2026-09-15T13:13:24
clips/7635359970418101512_000034.wav,silver,"и унатри имаше се, значи, од накид до сите овие работи, до креми, до чинијички, украси, се живо,","и внатре имаше се, значи од накит до сите овие работи, до креми, до чинијчки, украси, се живо,",edited,2026-09-15T13:14:06
clips/7635359970418101512_000035.wav,silver,"и на сесија пишуваше цената, пишува се ја цената на самиот производ кој е, и таа е, свај кеш.","и на се си ја пишуваше цената,пишува си ја цената на самио производ која е и таа е, сфаќаш.",edited,2026-09-15T13:15:04
clips/7635359970418101512_000036.wav,silver,"Еве, пишува ми и таа у коментар, како се вика, може да се ја најдеш на Google Maps.","Еве пишувам ја и таа у коментар, како се вика, можеш да ја најдеш на Google Maps.",edited,2026-09-15T13:15:35
clips/7635359970418101512_000037.wav,silver,"Јас се искривам би сакала пак да одем во Кургала, преубава се поминаме.","Јас искрено би сакала пак да одам во Хургада, преубаво си поминаме.",edited,2026-09-15T13:16:07
clips/7635359970418101512_000038.wav,silver,"Честно, не можам да го опитам да ја најдам.","Честно, не можам да го опитам да ја најдам.",rejected,2026-09-15T13:17:10
clips/7638352073045576978_000000.wav,silver,"Добро дојде во македонски тикток, кред две недели или нешто така, ја има фотосеција и јас си да си купам некој сет за вежбање и најде еден прекрасен сет од Нью Йоркер.","Добро дојде во македонски тикток, пред две недели или нешто така, јас имав фотосесија и I was like, I have to be hot for this photoshoot и јас отиде да си купам некој сет за вежбање и најдов еден прекрасен сет од New Yorker.",edited,2026-09-15T13:48:28
clips/7638352073045576978_000001.wav,silver,"Бајдуе, ја не имаше поема дека Нјојоркер има толку бави сетови за вежбање, што јас не бев свесна за тоа.","by the way, јас немаше поима дека New Yorker има толку убави сетови за вежбање, што јас не бев свесна за тоа.",edited,2026-09-15T13:49:43
clips/7638352073045576978_000002.wav,silver,До пред две недели и јас станаа од седната со нивните сетови. Купи си го овај сет.,До пред две недели и јас станав опседната со нивните сетови. Купи си го овај сет.,edited,2026-09-15T13:50:23
clips/7638352073045576978_000003.wav,silver,"Гледај 500 денара, горен и долен дел вкупно.","Гледај 500 денара, горен и долен дел вкупно.",kept,2026-09-15T13:50:27
clips/7638352073045576978_000004.wav,silver,Значи по сјом со и нешто денара е 1 дел.,Значи по 799 денара е еден дел.,edited,2026-09-15T13:51:06
clips/7638352073045576978_000005.wav,silver,И мене толку ново ми се западна што јас одлучив вчера,И мене толку ногу ми се допаднаа што јас одлучив вчера,edited,2026-09-15T13:51:28
clips/7638352073045576978_000006.wav,silver,да отидам и да си купам още нешто.,да отидам и да си купам уште нешто.,edited,2026-09-15T13:51:37
clips/7638352073045576978_000007.wav,silver,"Ја никогаш не сум била толку голем фан на Нјојоркер,","Ја никогаш не сум била толку голем фан на Њујоркер,",edited,2026-09-15T13:51:55
clips/7638352073045576978_000008.wav,silver,али нивните сетови за вежбање...,али нивните сетови за вежбање...,kept,2026-09-15T13:51:58
clips/7638352073045576978_000010.wav,silver,Требаше малку мотивација за вежбање.,Требаше малку мотивација за вежбање.,kept,2026-09-15T13:52:00
clips/7638352073045576978_000011.wav,silver,"By the way, ако некоја што треба мотивација за вежбање,","By the way, ако некогаш ти треба мотивација за вежбање,",edited,2026-09-15T13:53:07
clips/7638352073045576978_000012.wav,silver,"You already know it, ама јас да те подсетам дека ако си купиш некој cute set ке се секш по баво, you know, и ке ти се вежбав.","You already know it, ама јас да те подсетам дека ако си купиш некој cute set ке се осеќаш поубаво,  you know, и ќе ти се вежба.",edited,2026-09-15T13:53:56
clips/7638352073045576978_000014.wav,silver,"Пред да почнем да ти го покажувам сето, еве го, заради тоа што е у различна боја, ама ист како тај предходнија што го имам, basically, ама многу баво стојам, морам да ти покажам.","Пред да почнам да ти го покажувам сето, еве го,заради тоа",edited,2026-09-15T13:55:08
clips/7638352073045576978_000015.wav,silver,"Исто така, аз сум си купила од Нјојоркер едни фармерки, кои што јас ги меркав ушто дека не беа на попуст и, I don't know, ма одам вчера и погледа колку пари беа.","Исто така сум си купила од Њујоркер едни фармерки кои што јас ги меркав уште додека не беа на попуст и, арно ама одам вчера погоди колку пари беа.",edited,2026-09-15T13:56:33
clips/7638352073045576978_000016.wav,silver,300 денара.,300 денара.,kept,2026-09-15T13:56:42
clips/7638352073045576978_000020.wav,silver,"Гледаш дека е малку по-низок струкот, значи ја идеално би ги носила да речеме тука и да бидат малку стеснати,","Гледаш дека е малку по-низок струкот, значи ја идеално би ги носила да речеме тука и да бидат малку стеснати,",kept,2026-09-15T13:59:48
clips/7638352073045576978_000021.wav,silver,"али оке, оке, it's fine, затоа што има таков вајб, као, you know, не се замарам, значи, облече ги првите фармерки, што ги фана у моја шкаф и то беше тоа, сваке што и да наметна мистоар, свакеш тај вајб.","али оке, оке, it's fine, затоа што има таков вајб, као, you know, не се замарам, значи, облече ги првите фармерки што ги фана у мојо шкаф и тоа беше тоа, сега што и да наметнам ми стое, сфаќаш тај вајб.",edited,2026-09-15T14:03:25
clips/7638352073045576978_000023.wav,silver,"Знаеш кој е тренд сакам да го направам со овие фармерки? Таа, it's in your mind.","Знаеш кој тренд сакам да го направам со овие фармерки? Таа, it's in your eyes.",edited,2026-09-15T14:07:24
clips/7638352073045576978_000025.wav,silver,"Поентата ми е, ако сакаш некој добар сет за вежбање и да не биде прескап, New Yorker is the place.","Поентата ми е, ако сакаш некој добар сет за вежбање и да не биде прескап, New Yorker is the place.",kept,2026-09-15T14:19:23
clips/7638352073045576978_000026.wav,silver,"Искрена, едвај, чекам да вежбам у него.","Искрено, едвај, чекам да вежбам у него.",edited,2026-09-15T14:19:43
clips/7638352073045576978_000027.wav,silver,"Actually, сега ќе си пуштам на YouTube вежбички и ќе си повежбам, заради тоа што ми е кеф, наискино, да ти кажам.","Actually, сега ќе си пуштам на YouTube вежбички и ќе си повежбам, заради тоа што ми е кеиф, најискрено, да ти кажам.",edited,2026-09-15T14:20:24
clips/7638352073045576978_000028.wav,silver,"Пишу в коментар дали ти се свиги и ако имаш да ми предложиш некој друго место за да си купам сетови, за да се мотивирам да вежбам до летото,","Пиши у коментар дали ти се свиѓа и ако имаш да ми предложиш некое друго место за да си купам сетови, за да се мотивирам да вежбам до летото,",edited,2026-09-15T14:28:23
clips/7649371967849549077_000000.wav,silver,"Стварно, миле народовни, мислам, стварно не сте ми јасни у чат.","Стварно мене народот не ми,мислам стварно не сте ми јасни во чат.",edited,2026-09-15T15:33:04
clips/7649371967849549077_000001.wav,silver,"Не се возите со ово, саа бе крше возовите, ние немаме пруга, гледај како е во Европа во врвр.","Не се возите со воз, абе крш се возовите ние немаме пруга, гледај како е во Европа врврвр...",edited,2026-09-15T15:33:51
clips/7649371967849549077_000002.wav,silver,"Ајде да направиме пруга, ама зашто да правиме пруга сега, тоа пруга ке се краде.","Ајде да направиме пруга, ама зашто да правиме пруга сега, тоа пруга ке се краде.",kept,2026-09-15T15:34:08
clips/7649371967849549077_000003.wav,silver,"А работна акција е да ја правиме сите со мотиките пругата, а?","А работна акција е да ја правиме сите со мотиките пругата, а?",kept,2026-09-15T15:34:24
clips/7649371967849549077_000004.wav,silver,Ке дојете ви овде кој учатов да ја правиме пругата?,"Ќе дојдете вие овдека у чатов да ја правиме пругата,",edited,2026-09-15T15:34:50
clips/7649371967849549077_000005.wav,silver,Нема да дојде. Само да се пјампа. Само да се куди нешто.,Нема да дојдете. Само да се пљамба. Само да се куди нешто.,edited,2026-09-15T15:35:19
clips/7649371967849549077_000006.wav,silver,"Кај што, као, например, преско отчитам Лазаров, како што му правеле таму за донацијата што им ја правиа куќата на фамилијата таму.","Кај што, као, например, преска го читам Лазаров, како што му правеле таму за донацијата што им ја правеа куќата на фамилијата таму.",edited,2026-09-15T15:36:17
clips/7649371967849549077_000007.wav,silver,"Любоморни луѓе, зашто на таа некоја фамилија им правиле куќа, не им правиле нивната?","Љубоморни луѓе, зашто на таа некоја фамилија им правиле куќа, не им ја правеле нивната?",edited,2026-09-15T15:36:52
clips/7649371967849549077_000008.wav,silver,Не постија и друга причина зашто му пишувале и го пцуеле и го врегеле Лазаров.,Не постои друга пичина зашто му пишувале и го пцуеле и го вреѓале Лазаров.,edited,2026-09-15T15:37:28
clips/7649371967849549077_000009.wav,silver,"Не го врегеле, любоморни луѓе. Любомора, злоба, завист.","Не го вреѓале, љубоморни луѓе. Љубомора, злоба, завист.",edited,2026-09-15T15:38:03
clips/7649371967849549077_000010.wav,silver,"Есе да знаш што да ја прави вемеропругата, требаше ЕСДС да ја прави.","Е сега зашто да ја прави ВМРО, требаше ЕСДЕС да ја прави.",edited,2026-09-15T15:38:38
clips/7649371969657294100_000000.wav,silver,"Има еден случај, за кој што ми е тешко да зборам,","Има еден случај, за кој што ми е тешко да зборам,",kept,2026-09-15T15:39:10
clips/7649371969657294100_000001.wav,silver,"затоа што е многу трогателен случај,","затоа што е многу трогателен случај,",kept,2026-09-15T15:39:13
clips/7649371969657294100_000002.wav,silver,"а тој е случајот со момчето, чие што органи беа донирани","а тој е случајот со момчето, чие што органи беа донирани",kept,2026-09-15T15:39:27
clips/7649371969657294100_000003.wav,silver,"минатата недела, Вечна Муслава, загина во Собракена Незгода.","минатата недела, вечна му слава, загина во сообраќајна незгода.",edited,2026-09-15T15:39:57
clips/7649371969657294100_000004.wav,silver,"Тој е младо дете, чие што семејство одлучило да ги донири","Тој е младо дете, чие што семејство одлучило да ги донира",edited,2026-09-15T15:40:21
clips/7649371969657294100_000005.wav,silver,неговите органи за да се спасат повеќе животи.,неговите органи за да се спасат повеќе животи.,kept,2026-09-15T15:40:23
clips/7649371969657294100_000006.wav,silver,"Наместо да му е лесните на семејството,","Наместо да му олесните на семејството,",edited,2026-09-15T15:40:42
clips/7649371969657294100_000007.wav,silver,"зборам сега Министерството за Здравство,","зборам сега Министерството за Здравство,",kept,2026-09-15T15:40:51
clips/7649371969657294100_000008.wav,silver,"АД, Бутел, МВР, обвинителство, дополнително ги ставате","АД, Бутел, МВР, обвинителство, дополнително ги ставате",kept,2026-09-15T15:41:06
clips/7649371969657294100_000009.wav,silver,да поминуваат низ дополнителна голгота и ги изложувате,да поминуваат низ дополнителна голгота и ги изложувате,kept,2026-09-15T15:41:09
clips/7649371969657294100_000010.wav,silver,дополнително на трошуци. Дарител на органи и неговото семејство,дополнително на трошоци. Дарител на органи и неговото семејство,edited,2026-09-15T15:41:45
clips/7649371969657294100_000011.wav,silver,"се ослободени од било какви давачки, по однос на погреби и така надаку.","се ослободени од било какви давачки, по однос на погреби и така натаму.",edited,2026-09-15T15:42:13
clips/7649371969657294100_000012.wav,silver,"За семејство кое што се одлучило на оваков потек,","За семејство кое што се одлучило на ваков потег,",edited,2026-09-15T15:42:32
clips/7649371969657294100_000013.wav,silver,државата треба да има посебен третман.,државата треба да има посебен третман.,kept,2026-09-15T15:42:35
clips/7649371969657294100_000014.wav,silver,"Не, чекай не е завршен записникот, пак е видиме, пак е ово.","Не, чекај не е завршен записникот, па ќе видиме, па ќе ова...",edited,2026-09-15T15:43:07
clips/7649371969657294100_000015.wav,silver,"Увидот и записникот од Увид за во оваков случај би требало да биде готов за 24 саати,","Увидот и записникот од Увид за ваков случај би требало да биде готов за 24 саати,",edited,2026-09-15T15:43:54
clips/7649371969657294100_000016.wav,silver,а за 48 саати да биде поднесено обвинение.,а за 48 саати да биде поднесено обвинение.,kept,2026-09-15T15:44:07
clips/7649371969657294100_000017.wav,silver,"Не да чекате дали ќе има врски, па дали ќе се јави тој некој на ова,","Не да чекате дали ќе има врски, па дали ќе се јави тој некој на ова,",kept,2026-09-15T15:44:19
clips/7649371969657294100_000018.wav,silver,"да не било некој врвр, па да фатите ше има некој врски.","да не било некој врвр, па да фатите шема некој врски.",edited,2026-09-15T15:44:43
clips/7649371969657294100_000019.wav,silver,"Не, тука нема врски.","Не, тука нема врски.",kept,2026-09-15T15:44:46
clips/7649371969657294100_000020.wav,silver,Испративме денес прашање до Министерството за Матерични Работи,Испративме денес прашање до Министерството за внатрешни работи,edited,2026-09-15T15:45:09
clips/7649371969657294100_000021.wav,silver,и дојавнато обвинителство за овој случај докаде е.,и до јавното обвинителство за овој случај до каде е.,edited,2026-09-15T15:45:44
clips/7649371969657294100_000022.wav,silver,И да знаете да ја ќе го следиме случајот во тблиску.,И да знаете дека ќе го следиме случајов од блиску.,edited,2026-09-15T15:46:05
clips/7649371969657294100_000023.wav,silver,"Олеснете му на семејството, извадете ја правдата на Виделина","Олеснете му на семејството, извадете ја правдата на виделина,",edited,2026-09-15T15:46:27
clips/7649371969657294100_000024.wav,silver,и ја веѓа напел до председателката на ова семејство,"И еве еден апел до претседателката, на ова семејство",edited,2026-09-15T15:46:55
clips/7649371969657294100_000025.wav,silver,"да му додели, може би треба да му додели орден.","да му додели, можеби треба да му додели орден.",edited,2026-09-15T15:47:22
clips/7649371969657294100_000026.wav,silver,Бидејќи е еден позитивен пример.,Бидејќи е еден позитивен пример.,kept,2026-09-15T15:47:27
clips/7649371969657294100_000027.wav,silver,Во целата трагедија е позитивен пример.,Во целата трагедија е позитивен пример.,kept,2026-09-15T15:47:30
clips/7649371969657294100_000028.wav,silver,Пет-шест животи мислам дека спасе.,Пет-шест животи мислам дека спаси.,edited,2026-09-15T15:47:49
clips/7649371969657294100_000030.wav,silver,Пет-шест различни случаи.,Пет-шест различни случаи.,kept,2026-09-15T15:47:52
clips/7649371969657294100_000031.wav,silver,"Би требало, ако ништо, во најмала рака председателката","Би требало, ако ништо, во најмала рака председателката",kept,2026-09-15T15:47:56
clips/7649371969657294100_000032.wav,silver,"да се заложи, ако им треба контакт, кај им одадам контактот,","да се заложи, ако им треба контакт, ќе им го дадам контактот.",edited,2026-09-15T15:48:30
clips/7649371969657294100_000033.wav,silver,едно признание за државата да даде нова семестра.,едно признание државата да даде на ова семејство.,edited,2026-09-15T15:49:00
clips/7651642155898785032_000000.wav,silver,Најлоша работа што можеш да кажеш на некој што сака добра слика е,Најлоша работа што можеш да кажеш на некој што сака добра слика е,kept,2026-09-15T15:49:54
clips/7651642155898785032_000001.wav,silver,само застани и позирай.,само застани и позирај.,edited,2026-09-15T15:50:02
clips/7651642155898785032_000002.wav,silver,Затоа што сите знаеме дека најдобрите фотки никогаш не изгледат наместено.,Затоа што сите знаеме дека најдобрите фотки никогаш не изгледат наместено.,kept,2026-09-15T15:50:07
clips/7651642155898785032_000003.wav,silver,"Тие се случуваат додека се движиш, додека не мислиш на камерата.","Тие се случуваат додека се движиш, додека не мислиш на камерата.",kept,2026-09-15T15:50:11
clips/7651642155898785032_000004.wav,silver,"Епа се новија Чајоми 17, те не ти е потребна совршена поза.","Ете со новиот Шаоми 17, не ти е потребна совршена поза.",edited,2026-09-15T15:50:56
clips/7651642155898785032_000005.wav,silver,"Ти треба само миг, што трае доволно кратко за да биде реален момент","Ти треба само миг, што трае доволно кратко за да биде реален момент",kept,2026-09-15T15:51:00
clips/7651642155898785032_000006.wav,silver,и камера доволно брзо за да го пати истиот.,и камера доволно брзо за да го пати истиот.,kept,2026-09-15T15:51:04
clips/7651642155898785032_000009.wav,silver,"Батеријата трае цел ден, така да не мора полночет","Батеријата трае цел ден, така да не мора полначот",edited,2026-09-15T15:51:37
clips/7651642155898785032_000010.wav,silver,да го носиш со себе секаде кај што ќе одиш.,да го носиш со себе секаде кај што ќе одиш.,kept,2026-09-15T15:51:40
clips/7651642155898785032_000012.wav,silver,добиваш и подорог.,добиваш и подарок.,edited,2026-09-15T15:51:56
clips/7651642155898785032_000013.wav,silver,"Значи, телефон што ги факе моментите","Значи, телефон што ги фаќа моментите",edited,2026-09-15T15:52:11
clips/7651642155898785032_000014.wav,silver,и подорог што ги собира трошките последни.,и подарок што ги собира трошките после нив.,edited,2026-09-15T15:52:31
clips/7651642155898785032_000015.wav,silver,Шејоми 17Т со лейка објективи.,Шејоми 17Т со лејка објективи.,edited,2026-09-15T15:52:51
clips/7659733710522109202_000000.wav,silver,Сега ме носиш таму тегуштарите на Пио Кафе.,Сега ме носеш таму кај гуштерите да пијам кафе.,edited,2026-09-15T15:53:39
clips/7659733710522109202_000001.wav,silver,Значи има добри ревјус на Гугл.,Значи има добри ревјус на Гугл.,edited,2026-09-15T15:53:51
clips/7659733710522109202_000003.wav,silver,Одеме у Зул Кафе.,Одеме у зу кафе.,edited,2026-09-15T15:54:10
clips/7659733710522109202_000004.wav,silver,"Погодите, кој го нејде Зул Кафе? Одна сајца.","Погодите, кој го нејде Зу Кафе? од нас двајца.",edited,2026-09-15T15:54:30
clips/7659733710522109202_000005.wav,silver,Искам 25 оптимни дни.,Искам 25 оптимни дни.,rejected,2026-09-15T15:54:57
clips/7659733710522109202_000007.wav,silver,"Јао, види и маче спија јао на драка.",види и маче спиe унтре.,edited,2026-09-15T15:55:30
clips/7659733710522109202_000009.wav,silver,На секоја маса имат најстојата овјага шпана.,На секоја маса имаат нешто јас тоа сеа го сфана.,edited,2026-09-15T15:56:07
clips/7659733710522109202_000010.wav,silver,Тука имат бисер.,Тука има гуштер.,edited,2026-09-15T15:56:19
clips/7671331711338253575_000000.wav,silver,"Ало, Бобружо.",Ало Баба Ружо.,edited,2026-09-15T15:57:02
clips/7671331711338253575_000004.wav,silver,"И саа, турих кафеен филджан пише. Млеко.","И саа, турих кафеен филџан пише. Млеко.",edited,2026-09-15T15:57:52
clips/7671331711338253575_000008.wav,silver,"И саа, туку пише одоко брашно.","И саа, тука пише од око брашно.",edited,2026-09-15T15:58:08
clips/7671331711338253575_000009.wav,silver,К'о ме ја катао док'о брашно? Колку да турам?,Коо ме е таа мерка од око брашно? Колку да турам?,edited,2026-09-15T15:58:46
clips/7671331711338253575_000010.wav,silver,Те ми шта каса сте нова дума кинга?,Ти мислеш така се станува домаќинка?,edited,2026-09-15T15:59:10
clips/7671331711338253575_000012.wav,silver,ми ште е наготоло.,Мислеш се е на готово.,edited,2026-09-15T15:59:31
clips/7671331711338253575_000013.wav,silver,"Алло, Благија, слуши, ти си по ти модерните работи.","Ало Благе, слуши, ти си по тие модерните работи.",edited,2026-09-15T15:59:54
clips/7671331711338253575_000014.wav,silver,Дето се сака неколку хаче да напрам.,Децата сакаа некоо фокача да направам.,edited,2026-09-15T16:00:11
clips/7671331711338253575_000015.wav,silver,"Пише многу во 400 мл. вода, квасец,","Пише си многу убаво 400мл вода, квасец,",edited,2026-09-15T16:00:37
clips/7671331711338253575_000016.wav,silver,"сичко што треба тама, солци, зајтинче,","сичко што треба тама, солца, зејтинче,",edited,2026-09-15T16:00:51
clips/7671331711338253575_000017.wav,silver,"ама пише ту капс, два капсове или шо са тие,","ама пише ту капс, два капсуви ли шо се тие,",edited,2026-09-15T16:01:19
clips/7671331711338253575_000018.wav,silver,од брашно. Колку е два капсове?,брашно. Колку е два капсове?,edited,2026-09-15T16:01:32
clips/7671331711338253575_000019.wav,silver,"Е, е, удоко Бобороджо, удоко.","Е, е, уд око Баба Ружо, уд око.",edited,2026-09-15T16:01:55
clips/7671331711338253575_000020.wav,silver,"Кажаме ги саа, залепеме ги.","Кажа ми га саа, залепи ми га..",edited,2026-09-15T16:02:12
clips/7671331711338253575_000021.wav,silver,"Да, така да.",ааа така де.,edited,2026-09-15T16:02:24
clips/7679118148963978517_000001.wav,silver,"Струјата ќе плаки оној што ќе ја троши, а во денашно време има многу бројни начини за ладење на овие центри,","Струјата ќе плаќа оној што ќе ја троши, а во денешно време има многу бројни начини за ладење на овие центри,",edited,2026-09-15T16:03:26
clips/7679118148963978517_000012.wav,silver,"кои носат развој, работни места и нови технологии.","кои носат развој, работни места и нови технологии.",kept,2026-09-15T16:03:29
clips/7679118148963978517_000020.wav,silver,Во држава во која грагјаните веќе се соочуваат со проблеми,Во држава во која граѓаните веќе се соочуваат со проблеми,edited,2026-09-15T16:03:48
clips/7679118148963978517_000021.wav,silver,"со водоснабдувањето, загадени реки и труење во Гостевар.","со водоснабдувањето, загадени реки и труење во Гостевар.",kept,2026-09-15T16:03:54
clips/7679118148963978517_000026.wav,silver,и кој ке оплати сметката. Ова не е стратегија за развој,и кој ке плати сметката. Ова не е стратегија за развој,edited,2026-09-15T16:04:15
clips/7679118148963978517_000028.wav,silver,велат од Опозицијската партија.,велат од Опозициската партија.,edited,2026-09-15T16:04:30
clips/7679484792164912391_000002.wav,silver,"Првиот воз од Зелениково ке тргнува во 6.20, а последниот ке пристигнува на железничката во Скопје во 20.19.","Првиот воз од Зелениково ке тргнува во 6.20, а последниот ќе пристигнува на железничката во Скопје во 22:19",edited,2026-09-15T16:05:30
clips/7679484792164912391_000003.wav,silver,"На патот кон Скопје, возот ке застанува на станиците Орешани, Јанесандански, Драчево и Лисиче.","На патот кон Скопје, возот ке застанува на станиците Орешани, Јане Сандански, Драчево и Лисиче.",edited,2026-09-15T16:06:00
clips/7679484792164912391_000004.wav,silver,"Во обратен правец, првиот воз од Скопје ке тргнува во 5.32,","Во обратен правец, првиот воз од Скопје ке тргнува во 5.32,",kept,2026-09-15T16:06:10
clips/7679484792164912391_000005.wav,silver,а последниот ке пристигнува во Зелениково во 21.20.,а последниот ке пристигнува во Зелениково во 21.20.,kept,2026-09-15T16:06:19
clips/7679484792164912391_000006.wav,silver,"Цената на билетот за едно возање во еден правец ке биде 40 денари,","Цената на билетот за едно возење во еден правец ќе биде 40 денари,",edited,2026-09-15T16:06:39
clips/7679484792164912391_000009.wav,silver,чија цена е 1040 денари.,чија цена е 1040 денари.,kept,2026-09-15T16:06:56
clips/7679484792164912391_000017.wav,silver,"Много е по-елегантно, по-комодно.","Многу е поелегантно, покомотно.",edited,2026-09-15T16:07:39
clips/7679484792164912391_000019.wav,silver,Вие би користеле?,Вие би користеле?,kept,2026-09-15T16:07:44
clips/7679484792164912391_000020.wav,silver,"Секако, се разбира.","Секако, се разбира.",kept,2026-09-15T16:07:46
clips/7679484792164912391_000021.wav,silver,Дека дека ќе се растерете малку автокомпанија?,Дека дека ќе се растерете малку,edited,2026-09-15T16:09:13
clips/7679484792164912391_000022.wav,silver,"Може би, не знам, може би, зашто да не?","Можеби, не знам, можеби, зашто да не?",edited,2026-09-15T16:09:28
clips/7679484792164912391_000025.wav,silver,"Ако има интерес, биде, треба да се проба.","Ако има интерес, треба да се проба.",edited,2026-09-15T16:09:54
clips/7679484792164912391_000026.wav,silver,"Ако има интерес, добро, ако не, ќе се мухинеме.","Ако има интерес, добро, ако не, ќе се укине.",edited,2026-09-15T16:10:15
clips/7679484792164912391_000027.wav,silver,Линијата Зелениково-Скопје е само првата,Линијата Зелениково-Скопје е само првата,kept,2026-09-15T16:10:19
clips/7679484792164912391_000028.wav,silver,од планираните три делници на проектот Градски воз.,од планираните три делници на проектот Градски воз.,kept,2026-09-15T16:10:30
clips/7679484792164912391_000029.wav,silver,"Според најавите, втората делница треба да го поврзе","Според најавите, втората делница треба да го поврзе",kept,2026-09-15T16:10:40
clips/7679484792164912391_000030.wav,silver,Миладиновци и Линдени Маджари со Централната железничка станица во Скопје.,Миладиновци и Илинден со Маџари и Централната железничка станица во Скопје.,edited,2026-09-15T16:11:11
clips/7679768664425450753_000001.wav,silver,Мала? Ние немаме мала палачинка.,Мала? Ние немаме мала палачинка.,kept,2026-09-15T16:11:41
clips/7679768664425450753_000003.wav,silver,Оваа палачинка не е помала од оваа палачинка.,Оваа палачинка не е помала од оваа палачинка.,kept,2026-09-15T16:11:43
clips/7679768664425450753_000004.wav,silver,Луѓето едноставно обожаваа сецкани палачинки.,Луѓето едноставно обожаваа сецкани палачинки.,kept,2026-09-15T16:11:45
clips/7679768664425450753_000007.wav,silver,Помала е! Не е како на видеото!,Помала е! Не е како на видеото!,kept,2026-09-15T16:11:48
clips/7679768664425450753_000008.wav,silver,И престанавме да ги правиме.,И престанавме да ги правиме.,kept,2026-09-15T16:11:50
clips/7679768664425450753_000010.wav,silver,А да ги вратиме?,А да ги вратиме?,kept,2026-09-15T16:11:53
