audio,text
clips/dvtzhgajmmx_000000.wav,МОЖАМ ДА ГО ДОПРАМ
clips/dvtzhgajmmx_000001.wav,ИСТОТО МЕСТО
clips/dvtzhgajmmx_000002.wav,BE3 ИЗGOREНИЦИ.
clips/dvtzhgajmmx_000003.wav,КОГА КЕ ГО ВРАТАМ
clips/dvtzhgajmmx_000004.wav,"САДОТ, ГОТВЕНЕТО"
clips/dvtzhgajmmx_000005.wav,ПРОДОЛЖУВА ВЕДНАШ. 1
clips/dvtzhgajmmx_000006.wav,BЕРОJАТНО СЕ
clips/dvtzhgajmmx_000007.wav,ПРАШУВАТЕ КАКО
clips/dvtzhgajmmx_000008.wav,Е ТОА МОЖНО?
clips/dvtzhgajmmx_000009.wav,ТОА Е УРЕД
clips/dvtzhgajmmx_000010.wav,ВГРАДЕНА ПОД ОВАА
clips/dvtzhgajmmx_000011.wav,РАБОТНАТА ПОВРШИНА
clips/dvtzhgajmmx_000012.wav,ОСТАНУВА БЕЗБЕДНА
clips/dvtzhgajmmx_000013.wav,ИСТОТО МЕСТО МОЖЕ
clips/dvtzhgajmmx_000014.wav,ДА СЕ КОРИСТИ ЗА
clips/dvtzhgajmmx_000015.wav,"ХРАНА, СЕЧЕНЕ, ПА"
clips/dvtrjsaiftl_000000.wav,Баба Ружо
clips/dvtrjsaiftl_000001.wav,"CJIM Мајни ми се, не си зайдала по мене!!"
clips/dvtrjsaiftl_000002.wav,Ах бе аздисани неедни!! Добарден!
clips/dvtrjsaiftl_000003.wav,WID и То игенл иипижеr
clips/dvtrjsaiftl_000004.wav,То игнл и ипижег WID
clips/dvtrjsaiftl_000005.wav,"златнички, шо убави се!"
clips/dvtrjsaiftl_000006.wav,Евва. пулека бабе!
clips/dvtrjsaiftl_000007.wav,Ама треба да траа сус гудини бе кере!
clips/dvtrjsaiftl_000008.wav,реба да прави впечаток
clips/dvtrjsaiftl_000009.wav,"Значи, треба да не праа прублем"
clips/dvtrjsaiftl_000010.wav,MILD и раат да си чинам 6e kepе...
clips/dvtrjsaiftl_000011.wav,B0 раат да си чинам 6e ќepe...
clips/dvtrjsaiftl_000012.wav,шилеже неедно.. Мора дае проверено
clips/dvtrjsaiftl_000013.wav,beko Морадае проверено 6 шилеже неедно.
clips/dvtrjsaiftl_000014.wav,"трикови,виеможете еможносо новата нирана од Ога Ito."
clips/dvtrjsaiftl_000015.wav,"gorenjs трикови,виеможете еможно со новата нирана одОrа lto Ама мора дае ново!!!"
clips/dvtrjsaiftl_000016.wav,"трикови,виеможете еможносо новата ирана од Ora Ito. Ама треба да е а'слно... проверена работа!"
clips/dvtrjsaiftl_000017.wav,ИЗЛЕЗ CA ЕСАПО напрааш Скапо! данe e
clips/dvtrjsaiftl_000018.wav,. прв пат да се согласа со снаата за нешто.
clips/dvtrjsaiftl_000019.wav,"Cla Две генерации, две мислена..."
clips/dvtrjsaiftl_000020.wav,Cl co Еден избор MO
clips/dvtrjsaiftl_000021.wav,Ла и кафенце ни сварии тука
clips/dvtrjsaiftl_000022.wav,не на тебе ке ти текне да ми свараш..
clips/dvtrjsaiftl_000023.wav,"Ај арно се имме, да не се раскараме ајде..."
clips/dvy8sdgeqtb_000000.wav,ништо не питувам ac camo гледам! РАДАР
clips/dvy8sdgeqtb_000001.wav,ac само гледам! РАДАР
clips/dvy8sdgeqtb_000002.wav,He нитувам HИШТО Jac само гледам! РАДАР
clips/dvy8sdgeqtb_000003.wav,расипувач на забава
clips/dvy8sdgeqtb_000004.wav,Опааа... саа ке вуда вие со топката забава Ha рaсипувaч
clips/dvy8sdgeqtb_000005.wav,Опааа.. саа ке вида вие со топката расипувач на забава
clips/dvy8sdgeqtb_000006.wav,расипувач на забава
clips/dvy8sdgeqtb_000007.wav,"с не оговарам, јас нејкам да кажам кој го ОГОВАРАЧКА"
clips/dvy8sdgeqtb_000008.wav,рубрето вонка фрле контењеро ОГОВАРАЧКА
clips/dvy8sdgeqtb_000009.wav,Рада дане излезеоти маалта била ѓубрарката у ОГОВАРАЧКА
clips/dvy8sdgeqtb_000010.wav,Рада да He излезе OTИ рy6papkaта y маалта ила ОГОВАРАЧКА
clips/dvy8sdgeqtb_000011.wav,Рада да He излезеоти y маалта билагубрарката ОГОВАРАЧКА
clips/dvy8sdgeqtb_000012.wav,Рада да ne излезе ОТИ ла ѓубрарката y маал ОГОВАРАЧКА
clips/dvy8sdgeqtb_000013.wav,"Бабее.. ела тука Ha Савето, ФЕЈСБУКЏИКА"
clips/dvy8sdgeqtb_000014.wav,SA SAVE нешто.. ФЕЈСБУКЏИКА
clips/dvy8sdgeqtb_000015.wav,Ha Mapa рецепт да пуштам! ФЕЈСБУКЏИКА
clips/dvy8sdgeqtb_000016.wav,"ВИДОВИТА, CE ОНА ШО ЗНАА Баба.. ЗНАЛААХ Ha јас оти ќе се разболе"
clips/dvy8sdgeqtb_000017.wav,"ВИДОВИТА, CE OHA шо 3HAA ac дете, го гледам од зчера нешто малаксанко"
clips/dvy8sdgeqtb_000018.wav,Eee боле.. СИЧКО me me болат.. веенте QUEEN ДРАМА
clips/dvy8sdgeqtb_000019.wav,E ee СИЧКО боле.. me веенте болат... me ДРАМА QUEEN
clips/dvy8sdgeqtb_000020.wav,"лите me болат, можам, ја e да QUEEN ДРАМА"
clips/dvy8sdgeqtb_000021.wav,"жилите ме болат, СИЧКО. не можам, ја да станам QUEEN ДРАМА"
clips/dvy8sdgeqtb_000022.wav,"илите ме болат, СИЧКО. QUEEN ДРАМА"
clips/dvy8sdgeqtb_000023.wav,Шо баба? ГОТВАЧКА
clips/dvy8sdgeqtb_000024.wav,"Не си гладен? Ако, ке јадеш! ГОТВАЧКА"
clips/dvy8sdgeqtb_000025.wav,Шо било расипано! СЕ САМА МОЖЕ
clips/dvy8sdgeqtb_000026.wav,Шо? Соc... Сок... Сол? НАГЛУВА
clips/dvy8sdgeqtb_000027.wav,Имам теорија ТЕОРЕТИЧАРКА
clips/dvy8sdgeqtb_000028.wav,Оти тајсо BMW OH неезето ТЕОРЕТИЧАРКА
clips/dvy8sdgeqtb_000029.wav,он е љубовнико! ТЕОРЕТИЧАРКА
clips/dvy8sdgeqtb_000030.wav,"А тај со каравано Аудито, е он е ТЕОРЕТИЧАРКА"
clips/dvy8sdgeqtb_000031.wav,Ee.. e... ТЕОРЕТИЧАРКА
clips/dvy8sdgeqtb_000032.wav,н ке бидаме шо ќе е! ТЕОРЕТИЧАРКА
clips/dvy8sdgeqtb_000033.wav,"Ева, ева!! Шо биде бе баба? Падна ни? ЛИЦЕМЕРНА"
clips/dvy8sdgeqtb_000034.wav,"Шо биде Ева, ева!! бе баба? Падна ли? ЛИЦЕМЕРНА"
clips/dvy8sdgeqtb_000035.wav,ЛИЦЕМЕРНА ака и ти треба да знааш!
clips/dvy8sdgeqtb_000036.wav,"Бабе, јас ne 3HaM 3a болести! СПОРТИСТА CTOP LIFE"
clips/dvy8sdgeqtb_000037.wav,Болестите знаат за мене!! СПОРТИСТА CTOP LIFE
clips/dvy8sdgeqtb_000038.wav,мене!! 3HaaTзa СПОРТИСТА TOP LIFE
clips/dvy8sdgeqtb_000039.wav,СПОРТИСТА TOP LIFE
clips/dvy8sdgeqtb_000040.wav,Живото е чудо!!! ФИЛОЗОФ
clips/dvy8sdgeqtb_000041.wav,чудото Ama да здосаде! може ФИЛОЗОФ
clips/dvl1rifdevf_000000.wav,КАКО ДА ГОТВИТЕ
clips/dvl1rifdevf_000001.wav,- РАБОТНАТАПЛОЧА
clips/dvl1rifdevf_000002.wav,8 ИНДУКЦИЗА NYSICOOK
clips/dvl1rifdevf_000003.wav,САМАТА ТАА ПОВРШИНА
clips/dvl1rifdevf_000004.wav,"ИСТИОТ ПРОСТОР,"
clips/dvl1rifdevf_000005.wav,ВРЕДНА РАБОТНА
clips/dvl1rifdevf_000006.wav,ПОВРШИНА И
clips/dvl1rifdevf_000007.wav,ОДРЖУВАЈКИ ЈА
clips/dvl1rifdevf_000008.wav,КУЗНАТА ЧИСТА И
clips/dvl1rifdevf_000009.wav,"БЕЗ РИНГИ, БЕЗ"
clips/dvl1rifdevf_000010.wav,"КОМАНДИ, 5E3"
clips/dvl1rifdevf_000011.wav,"НЕРЕД, САМО"
clips/dvl1rifdevf_000012.wav,РАБОТЕН ПРОСТОР И
clips/dvnohhpjhzn_000000.wav,анеизедаме додека
clips/dvnohhpjhzn_000001.wav,флевамедом цодека неизедаме
clips/dvnohhpjhzn_000002.wav,Нема на децата даване
clips/dvnohhpjhzn_000003.wav,треба He децата TakBO дајадат
clips/dvnohhpjhzn_000004.wav,децата нетреба TakBo дајадат
clips/dvnohhpjhzn_000005.wav,ФасуH дома Златен
clips/dvnohhpjhzn_000006.wav,Ама оти говораш?
clips/dvnohhpjhzn_000007.wav,Снежe ти неговори еден 0TOCT евиима тебеудзад 3a
clips/dvnohhpjhzn_000008.wav,тинеговори снеже TOCT eден има за тебеудзад
clips/dvnohhpjhzn_000009.wav,ти не говор AjСнеже TOCT еден ума влеви за тебе удзад
clips/dvnohhpjhzn_000010.wav,за тебе удзад влеви имаеден TOCT Ај Снеже ти не говори
clips/dvnohhpjhzn_000011.wav,СИ МАНАЦИЙ влевиaj.
clips/dvthvkmce1f_000000.wav,црвена Ало Беттче... Падна ви секирта у медо! FILA FIL
clips/dvthvkmce1f_000001.wav,"црвена Ного арен дечко има таа твојта внукичка, ного ме аресе!! FILA FIL"
clips/dvthvkmce1f_000002.wav,црвена FILA
clips/dvthvkmce1f_000003.wav,црвена Е не го познавам. Е шо е битно FILA
clips/dvthvkmce1f_000004.wav,цpвена од коо фамилија е? Човеко по пазарл'ко се познава. FILA FIL
clips/dvthvkmce1f_000005.wav,црвена как шо има врска?!?! E FIL FILA
clips/dvthvkmce1f_000006.wav,црвена FILA
clips/dvthvkmce1f_000007.wav,"Некни СЛУЧАЛНО го видех, грабнал 5-6 кесина"
clips/dvthvkmce1f_000008.wav,MARKETV црвена Значи јако дете
clips/dvthvkmce1f_000009.wav,"MAPKEТИ црвена Друго, пазарува од ЦРВЕНА РУЖА марКЕТИ"
clips/dvthvkmce1f_000010.wav,"Друго, пазарува од ЦРВЕНА РУЖА марКЕТИ"
clips/dvthvkmce1f_000011.wav,"там е најефтино! Значи ЕКОНОМИчЕН е,"
clips/dvthvkmce1f_000012.wav,Значи ЕкОномичен там е најефтино!
clips/dvthvkmce1f_000013.wav,Трето патриот е! Купува од наши маркети - струмички
clips/dvthvkmce1f_000014.wav,маркети - струмички Трето патриот е! Купува од наши
clips/dvthvkmce1f_000015.wav,Трето патриот е! Купува од наши маркети-струмички
clips/dvthvkmce1f_000016.wav,маркети-струмички Трето патриот е! Купува од наши
clips/dvthvkmce1f_000017.wav,"Некни, макнаше цогер, тенцерина играчки. СЕ од Црвена Ружа"
clips/dvthvkmce1f_000018.wav,"pyaa Значи неерашатар, купува се од едно место!"
clips/dvthvkmce1f_000019.wav,Зашо ти свонам?!
clips/dvthvkmce1f_000020.wav,нема за внукичката??
clips/dvthvkmce1f_000021.wav,Да питах тама некој братучедд нема за внукичката??
clips/dvthvkmce1f_000022.wav,Еј исклучи ми!
clips/dvthvkmce1f_000023.wav,am нeкоj зет на акција jac
clips/dvyd8hrk8_5_000000.wav,Баб Ружо
clips/dvyd8hrk8_5_000001.wav,OKEMON OKE Абе шо правате?!?!
clips/dvyd8hrk8_5_000002.wav,Баб Ружо!!
clips/dvyd8hrk8_5_000003.wav,Еј е кере шо?
clips/dvyd8hrk8_5_000004.wav,"играат си, мирни се..."
clips/dvyd8hrk8_5_000005.wav,Глас нема...
clips/dvyd8hrk8_5_000006.wav,ремнала сам малко од a серијата шо га гледах
clips/dvyd8hrk8_5_000007.wav,Ај бабе една чаша војчка ми донеси.
clips/dvyd8hrk8_5_000008.wav,ми донеси.
clips/dvyd8hrk8_5_000009.wav,Сее под контрол...
clips/dvyd8hrk8_5_000010.wav,Нe se skиrи. Ај на баба...
clips/dvyd8hrk8_5_000011.wav,златни деца мори!!!
clips/dvyd8hrk8_5_000012.wav,"Види ги, ного ме слушат!"
clips/dw1yynhcnj4_000000.wav,ntur S АБЕ ДЕКА СТЕ?
clips/dw1yynhcnj4_000001.wav,express ЈА ДОЈДЕМЕ
clips/dw1yynhcnj4_000002.wav,ipres ЛА ДОЈДЕМЕ
clips/dw1yynhcnj4_000003.wav,СЕ ЛИ ЗЕМАТЕ ОД ДОМА?
clips/dw1yynhcnj4_000004.wav,ДА ЗЕМАМЕ
clips/dw1yynhcnj4_000005.wav,ОДОБРЕНИЕ ОД РОДИТЕЛ?
clips/dw1yynhcnj4_000006.wav,КАЖАТЕ ЛИ СЕ ДОМА?
clips/dw1yynhcnj4_000007.wav,А ПАСОШИ?
clips/dw1yynhcnj4_000008.wav,ИМАМЕ ИМАМЕ
clips/dw1yynhcnj4_000009.wav,А БАБА РУЖА?
clips/dw1yynhcnj4_000010.wav,BE БАБЕКЕМ ПУЛЕКА ЗАБОРАВАТЕ
clips/dw1yynhcnj4_000011.wav,КЕ МЕ ЗАБОРАВААТЕ
clips/dw1yynhcnj4_000012.wav,"S2 АЈДЕБАБО РYЖА, ДАВАЛТОРБИТЕ"
clips/dw1yynhcnj4_000013.wav,SCWA АЈДЕ
clips/dw1yynhcnj4_000014.wav,"AKO ГОСПОД ТЕ ЗАБРАЕ,"
clips/dw1yynhcnj4_000015.wav,SOWA НИЕНЕМА ДА ТЕ ЗАБРАЕМЕ.
clips/dw1yynhcnj4_000016.wav,ress HИЕНЕМА АДА ТЕ ЗАБРАЕМЕ.
clips/dw1yynhcnj4_000017.wav,ШО СТЕ
clips/dw6rwhydbqa_000000.wav,нааш.шо иманово?
clips/dw6rwhydbqa_000001.wav,Цел градговореза нег
clips/dw6rwhydbqa_000002.wav,Hе се дружи.сo Vера
clips/dw6rwhydbqa_000003.wav,"MEHE, немеинтерес"
clips/dw6rwhydbqa_000004.wav,"MEHE, не ме интересире ништо!"
clips/dw6rwhydbqa_000005.wav,Абе.слуши саа ти.
clips/dw6rwhydbqa_000006.wav,работи ТИИ ЖЕHО!
clips/dw6rwhydbqa_000007.wav,Знаате ли шоимановоуградо
clips/dw6rwhydbqa_000008.wav,HOBO КОНЦ
clips/dw6rwhydbqa_000009.wav,HOBO КОНЦЕПТ МЕНИ...
clips/dw6rwhydbqa_000010.wav,ПРОТЕИН и
clips/dw6rwhydbqa_000011.wav,Затва љее ткв
clips/dw6rwhydbqa_000012.wav,атва лее тква стегнана?
clips/dw6rwhydbqa_000013.wav,рагалаа ти-па! МИШ Taa
clips/dw6rwhydbqa_000014.wav,Какво порачуване Снежо!
clips/dw6rwhydbqa_000015.wav,Последенпат од интернет
clips/dw6rwhydbqa_000016.wav,заглувци! непак 3a
clips/dw6rwhydbqa_000017.wav,pekt уКонцепт одаме!
clips/dw6rwhydbqa_000018.wav,Henu не те и H
clips/dw6rwhydbqa_000019.wav,"He Te интepeсираше?! Pyжo, Ружооо."
clips/dw6rwhydbqa_000020.wav,"елине Te интересираше?! Pyжo, Ружооо"
clips/dw6rwhydbqa_000021.wav,Aј Снеже врви пр
clips/dw9ryljdjhl_000000.wav,"Слуши, ке ти кажам шо сам разберала"
clips/dw9ryljdjhl_000001.wav,ама на никоJ не смееш да зуцнаш!!!
clips/dw9ryljdjhl_000002.wav,EBAAA!! ШО РАСПРАВАШ!!!
clips/dw9ryljdjhl_000003.wav,INGNEWS BREA Се јавуваме уд центаро на Струмица BREAKING LIVE NEWS
clips/dw9ryljdjhl_000004.wav,OREAKINGNE Се јавуваме уд центаро на Струмица BREAKING NEWS LIVE
clips/dw9ryljdjhl_000005.wav,KINGNEWS BRE JА шо мојта внукичка ми кажа да не кажувам.. BREAKING LIVE NEWS
clips/dw9ryljdjhl_000006.wav,DREARNGN JА шо мојта внукичка ми кажа да не кажувам BREAKING NEWS LIVE
clips/dw9ryljdjhl_000007.wav,AKINGNEWSBR JАшо мојта внукичка ми кажа да не кажувам BREAKING LIVE NEWS
clips/dwegznkjjot_000000.wav,Добро е Баба Ружо
clips/dwegznkjjot_000001.wav,Притисоко е стабилизиран
clips/dwegznkjjot_000002.wav,"Ама деца, ке мора да га оставате малко баба microlife"
clips/dwegznkjjot_000003.wav,да одморе.
clips/dwegznkjjot_000004.wav,АМА НИИ СМЕ ГЛАДНИ
clips/dwegznkjjot_000005.wav,Гладни ли сте?!?
clips/dwegznkjjot_000006.wav,Ајде одма...
clips/dwegznkjjot_000007.wav,Одма станувам да направам нешто за јадене!
clips/dwmdvjrd1h4_000000.wav,"Ке ми кажат, Баба Ружо, глеј си кокошките"
clips/dwmdvjrd1h4_000001.wav,"Сакам бе кере, ама н можем веке!"
clips/dwmdvjrd1h4_000002.wav,Ама има некој много по арно шо ги гледе!
clips/dwmdvjrd1h4_000003.wav,"Eklckton Види ги, живеат поубаво од министри"
clips/dwmdvjrd1h4_000004.wav,R По разгалени се од син единец на мајка.
clips/dwmdvjrd1h4_000005.wav,EAlckton по релаксирани се одснаата ка оде кај сваката на госте!
clips/dwmdvjrd1h4_000006.wav,"Ајде Лепа, ајде Брена, ајде Цецо!"
clips/dwmdvjrd1h4_000007.wav,Аж'чкатака Види лушпа!
clips/dwmdvjrd1h4_000008.wav,Види љушпа! А ж'чката ка ке га видаш..
clips/dwmdvjrd1h4_000009.wav,знааш право оти тии Одма ce виделе кокошки coнце
clips/dwmdvjrd1h4_000010.wav,кокошки се виделе сонце ОТИТИИ Одмазнааш право
clips/dwmdvjrd1h4_000011.wav,He сијалици.
clips/dwmdvjrd1h4_000012.wav,Полека бабе!
clips/dwmdvjrd1h4_000013.wav,"А такачка, ако сакаш домашни убави јајца, земи си од тука!"
clips/dwmdvjrd1h4_000014.wav,"убави јајца, земи си од тука! А такачка, ако сакаш домашни"
clips/dwzwcfrdz6p_000000.wav,ветот се менува!
clips/dwzwcfrdz6p_000001.wav,ce! знaе интелегенција вeke Вештачката
clips/dwzwcfrdz6p_000002.wav,UCATION HAT SF Проблемот нее до технологијата Датум: РОДИТЕЛИ (ИНВЕСТИТОРИ) Име на Родителотите: РОБО АBАHТУPА
clips/dwzwcfrdz6p_000003.wav,"UCATION HAT SP тукушто jac camo гледам, а не создавам Датум: РОДИТЕЛИ (ИНВЕСТИТОРИ) Име на Родителотите: РОBО АBAHTYPA"
clips/dwzwcfrdz6p_000004.wav,BO паметни рнави. Ми треба
clips/dwzwcfrdz6p_000005.wav,минути чиста акција
clips/dwzwcfrdz6p_000006.wav,MEPI CAM добивате возврат 3a искуство
clips/dwzwcfrdz6p_000007.wav,ШТО менува начинот Ha размислувам
clips/dwzwcfrdz6p_000008.wav,U менува ШТО Ha начинот размислувам
clips/dwzwcfrdz6p_000009.wav,UC ШТО менува Ha кој начинот размислувам
clips/dwzwcfrdz6p_000010.wav,UCA AT Ke Што мислите? ФИ убедам ЛИ Ha моите родители да me nyшat
clips/dwzwcfrdz6p_000011.wav,а РОБО АВАНТУРА??
clips/dwzwcfrdz6p_000012.wav,јде дојдете sите деца РОБО АВАНТУРА!!! Ha
clips/dwzwcfrdz6p_000013.wav,UC NS јде дојдете деца АВАНТУРА!!! РОБО Ha
clips/dwzwcfrdz6p_000014.wav,EDUCAT THAT Ајде деца дојдете РОБО АВАНТУРА!!! na
clips/dwwzmwejcxc_000000.wav,Нем бе баба нем
clips/dwwzmwejcxc_000001.wav,Ејгиди шо доживејах!!!
clips/dwwzmwejcxc_000002.wav,"Абе Баба Ружо, не боле"
clips/dwwzmwejcxc_000003.wav,"как комарче е, глеј"
clips/dwwzmwejcxc_000004.wav,Бе ај ти јака женска си!!
clips/dwwzmwejcxc_000005.wav,ти јака женска си!!!
clips/dwwzmwejcxc_000006.wav,Нели си модерна ти баба?!?!?
clips/dwwzmwejcxc_000007.wav,Ама ке си поубава од снаата!!
clips/dwwzmwejcxc_000008.wav,Шо ке и прааме!?!
clips/dwwzmwejcxc_000009.wav,"Баба Ружо, виј каков прстен! Види види..."
clips/dwwzmwejcxc_000010.wav,"Ајдеее, биде..."
clips/dwwzmwejcxc_000011.wav,"Еее, стварно не боле"
clips/dwwzmwejcxc_000012.wav,Не се секири!!!
clips/dwwzmwejcxc_000013.wav,Бива ли саа јас да ве почастам нешто на вас?
clips/dwwzmwejcxc_000014.wav,Тии може за керката...
clips/dwwzmwejcxc_000015.wav,И за мене да си земам некој
clips/dwwzmwejcxc_000016.wav,"за зето,за снаичката.. ИHO,"
clips/dwwzmwejcxc_000017.wav,"Аууу Баба Ружо, не ги гледи тиии!"
clips/dwwzmwejcxc_000018.wav,КОJПАККЕ ТЕ АРМАСУВА!3!?!
clips/dwwzmwejcxc_000019.wav,HOП E години традшија ГТЦ ГЛОБАЛ - СТРУМИЦА
clips/dwwzmwejcxc_000020.wav,ГТЦ ГЛОБАЛ - СТРУМИЦА години традиуа 34 ТРЕЈД HEЛA ЗЛАТАРА HOПI
clips/dx7oysimsav_000000.wav,ДАЛИ НЕКОГАШ СТЕ
clips/dx7oysimsav_000001.wav,ВИДЕЛЕ ПЛОЧА
clips/dx7oysimsav_000002.wav,ЗА ГОТВЕНЕ БЕЗ
clips/dx7oysimsav_000003.wav,ВИДЛИВИ РИНГИ?
clips/dx7oysimsav_000004.wav,ЗАМИСЛЕТЕ ДА ГОТВИТЕ
clips/dx7oysimsav_000005.wav,ДИРЕКТНО НА ВАШАТА
clips/dx7oysimsav_000006.wav,"РАБОТНА ПОВРШИНА,"
clips/dx7oysimsav_000007.wav,КАДЕ ШТО САМО
clips/dx7oysimsav_000008.wav,Mf МАГНЕТНАТА ИНДУКЦИЗА
clips/dx7oysimsav_000009.wav,"mtt ГИ ЗАГРЕВА САДОВИТЕ,"
clips/dx7oysimsav_000010.wav,ДОДЕКА САМАТА
clips/dx7oysimsav_000011.wav,ПОВРШИНА ОСТАНУВА
clips/dx7oysimsav_000012.wav,ЛАДНА НА ДОПИР.
clips/dx7oysimsav_000013.wav,HOME ВНЕСУВА ЕЛЕГАНЦИЛА И
clips/dx7oysimsav_000014.wav,HOME ЛУКСУЗ ВО
clips/dxjldwcddqd_000000.wav,САМО СЕ ШЕГУВАМ.
clips/dxjldwcddqd_000001.wav,ДУРИ И КОГА
clips/dxjldwcddqd_000002.wav,"ГОТВИТЕ ПОДОЛГО,"
clips/dxjldwcddqd_000003.wav,КАКО ШТО
clips/dxjldwcddqd_000004.wav,"НЕ ГРИЖЕТЕ СЕ, НЕ"
clips/dxjldwcddqd_000005.wav,ИЗГОРИТЕ СО
clips/dxr2agbiglt_000000.wav,"ИЗВИНИ, ИЗВИНИ."
clips/dxr2agbiglt_000001.wav,СЛУШНИ ДА ТЕ ПИТАМ HЕШТО.
clips/dxr2agbiglt_000002.wav,ТИ ГАЗДАТА ЛИ СИ?
clips/dxr2agbiglt_000003.wav,"НЕЛИ СИ ГАЗДА, А?"
clips/dxr2agbiglt_000004.wav,"СИ ГАЗДА, ВОЗЕШ АКО ЕМИ ЗАШО"
clips/dxr2agbiglt_000005.wav,"ЕМИ ЗАШО ВОЗЕШ АКО СИ ГАЗДА,"
clips/dxr2agbiglt_000006.wav,НАМЕСТО ДА ОДМАРАШ?
clips/dxr2agbiglt_000007.wav,СЛУШАЛ ДА ТЕ ННТАМ НЕШТО.
clips/dxr2agbiglt_000008.wav,ТИ ПАДЕН ЛИ СИ БЕ СИНЕ?
clips/dxr2agbiglt_000009.wav,МАЛЦА ИМАШ ЛИ ОДОЗДОЛА?
clips/dxr2agbiglt_000010.wav,"БОЖЕ, КЕ ИЗМРЗНА ДЕТТО!"
clips/dxr2agbiglt_000011.wav,ROST А ТАЛ ТУКА АВТОБУСО
clips/dxr2agbiglt_000012.wav,КОЛКУ БРЗИНАИМА?
clips/dxr2agbiglt_000013.wav,ЛЕТАШ НЕЛИ?
clips/dxr2agbiglt_000014.wav,ЈАС КЕ ОДАМ ЕДНО ТОСЧЕ КЕ ТИ НАПРААМ
clips/dxr2agbiglt_000015.wav,МОЖЕ ЛИ?
clips/dxr2agbiglt_000016.wav,AJHAE БАБА ДЕТТО МОРЕ ВИДИ ГО АЈ AR 7DOT
clips/dxr2agbiglt_000017.wav,CAMO DА АЗHAЕTE CEГА ЗАСТАНУВАМЕ
clips/dxr2agbiglt_000018.wav,CAMO ДА ЗНАЕТЕ CEГA ЗАСТАНУВАМЕ
clips/dxr2agbiglt_000019.wav,НАПАУЗА. expies
clips/dxr2agbiglt_000020.wav,НЕКАЛ НА БАБА МОРЕ БУДИ
clips/dxr2agbiglt_000021.wav,"TEN НА БАБА MУA. YA, ВОЗИ, УБАВО"
clips/dxr2agbiglt_000022.wav,"МУА, МУА. НА БАБА ШО УБАВО ВОЗИ,"
clips/dxr2agbiglt_000023.wav,ДА ТИ ДАДААХ
clips/dxr2agbiglt_000024.wav,АМААЛ ДРУГИО ПАТ
clips/dyko2tygqid_000000.wav,"Околуеден час, изутрината"
clips/dyko2tygqid_000001.wav,"кажа дека Ердоган,"
clips/dyko2tygqid_000002.wav,"a Eрдогaн, кажа дека"
clips/dyko2tygqid_000003.wav,"кој што дотогаш не се знаеше ми кажа дека Ердоган,"
clips/dyko2tygqid_000004.wav,"каде е, дека ке слета"
clips/dyko2tygqid_000005.wav,"каде е, дека ке слета во делот"
clips/dyko2tygqid_000006.wav,Тој слетува на делот
clips/dyko2tygqid_000007.wav,Тој слетува на делот а аеродромот кај што сме ние.
clips/dyko2tygqid_000008.wav,"Доаѓа војска, полицијата"
clips/dyko2tygqid_000009.wav,"Доага војска, полицијата е веќе катре"
clips/dyko2tygqid_000010.wav,главата дека во местото
clips/dyko2tygqid_000011.wav,"I лавата дека во местото аде што сме ние, може"
clips/dyko2tygqid_000012.wav,да се случи. И тогаш
clips/dyko2tygqid_000013.wav,"се случи. И тогаш и дома викам, сeјавив"
clips/dyko2tygqid_000014.wav,тука е ситуацијата многу
clips/dyko2tygqid_000015.wav,лоша. Искрено тука е ситуацијата многу I
clips/dyko2tygqid_000016.wav,"да кажам, малце се вознемирив."
clips/dyko2tygqid_000017.wav,"ажам, малце се вознемирив. икам што да правиме? Му"
clips/dyko2tygqid_000018.wav,се јавив на тогашниот
clips/dyko2tygqid_000019.wav,се јавив на тогашниот едонски амбасадор во Турција
clips/dyko2tygqid_000020.wav,"Му викам, амбасадоре, тука"
clips/dyko2tygqid_000021.wav,"Му викам, амбасадоре, тука елошо, може да се случат"
clips/dyko2tygqid_000022.wav,"многуработи, веке слушаме"
clips/dyko2tygqid_000023.wav,"многуработи, веке слушаме пукања, имаше и детонации"
clips/dyko2tygqid_000024.wav,неколку. Дали
clips/dyko2tygqid_000025.wav,неколку. Дали може некојда дојде да не извлече?
clips/dyko2tygqid_000026.wav,"Ми вика, нема шанси никој"
clips/dykgj4yojx5_000000.wav,ЧУДНО HEBEWE КАКОГО ПОНИШТИЛА
clips/dykgj4yojx5_000001.wav,MHTEP HE BЕШЕ ЧУДНО AKO ПОНИШТИЛА MO Jy
clips/dykgj4yojx5_000002.wav,MHTE ИТВОРОТ НАЕДНАШ KA ДРЖАВАТА 10 Jy
clips/dykgj4yojx5_000003.wav,E BO СЕРИОЗНО ПОГРЕШЕН СТРАТЕШКИ
clips/dykgj4yojx5_000004.wav,ПРАВЕЦ. И МИСЛАМ ДЕКА
clips/dykgj4yojx5_000005.wav,ТРЕБА ЗА ТОА ДА TOA AA РАЗГОВАРАМЕ
clips/dykgj4yojx5_000006.wav,ТРЕБА ЗА ТОА ДА ТОАДА РАЗГОВАРАМЕ
clips/dykgj4yojx5_000007.wav,АРТАН ГРУБИ ICE ВРАТИ
clips/dykgj4yojx5_000008.wav,"НО ЕКСПРЕМИЕРОТ НИКОЛАГРУЕВСКИ,"
clips/dykgj4yojx5_000009.wav,KOJ ИЗБЕГА ВО ВPЕМЕТО
clips/dykgj4yojx5_000010.wav,"ДОДЕКА ВИЕ BЕВТE НА ВЛАСТ,"
clips/dykgj4yojx5_000011.wav,HEMA HAМЕPА ДА CE ВРАТИ.
clips/dykgj4yojx5_000012.wav,ДЕНОВИВЕ ЖЕСТОКО ГОНАПАДНА
clips/dykgj4yojx5_000013.wav,ФИЛКОВ ПОРАДИ ТОА ШТО НАЈАВИ
clips/dykgj4yojx5_000014.wav,KA МОЖЕБИ KE JA БНОВИ ПРОЦЕДУРАТА
clips/dykgj4yojx5_000015.wav,ЗА ЕКСТРАДИЦИЛА.
clips/dykgj4yojx5_000016.wav,ДЕНОВИПОВТОРНО СЕ ПОЛАВИЛА ТИЕ
clips/dykgj4yojx5_000017.wav,ИНФОРМАЦИИ ЗА АА ФАМОЗНА СРЕДБА
clips/dykgj4yojx5_000018.wav,ШТО СЕСЛУЧИЛА ВО КАБИНЕТОТ
clips/dykgj4yojx5_000019.wav,НА ПОРАНЕШНИОТ ПРЕТСЕДАТЕЛ
clips/dykgj4yojx5_000020.wav,"ПЕНДАРОВСКИ, А КОЈА СЕ ДОГОВАРАЛО"
clips/dykgj4yojx5_000021.wav,НАВОДНО ВРАКАНЕТО НА ГРУЕВСКИ.
clips/dykgj4yojx5_000022.wav,HAT TAA СРЕДБА. БИЛЕ ЛИДА HИ КАЖЕТЕ ОЖЕ
clips/dykgj4yojx5_000023.wav,HA TAA СРЕДБА. ИЛЕ A HN КАЖЕТЕ
clips/dykgj4yojx5_000024.wav,ШТО ТОЧНО СЕ СЛУЧИ TAMY?
clips/dykgj4yojx5_000025.wav,"ПАК КЕ КАЖАМ,"
clips/dykgj4yojx5_000026.wav,СЕ ТОА ПЕРИФЕРНИ ПРАШАНАКОИ ШТО
clips/dykgj4yojx5_000027.wav,"CET TOA ПЕРИФЕРНИ ПРАШАНА КОИ ШТО ЕНТИРАМ ЗА ГРУБИ, CE СОЗДАВА РУШЕЊЕ НА РАМКОВНИОТ"
clips/dykgj4yojx5_000028.wav,HA КОИ ШТО HАВИСТИНА HE CAKAM ТРОШАМ ЕНТИРАМ ЗА ФРУБИ CE СОЗДАВАД РУШЕЊЕ НА РАМКОВНИОТ ДОГОВ
clips/dykgj4yojx5_000029.wav,"HE САМО ОД OBAA МИНУТАЖА ВАЖНА ЕНТИРАМ ЗА Г ГРУБИ, CE СОЗДАВА УШЕЊЕ HA РАМКОВНИОТ дОГО"
clips/dykgj4yojx5_000030.wav,"HE CAMO ОД OBAA МИНУТАЖА BAЖHA МЕНТИРАМ ЗА ГРУБИ, CE СОЗДАВА -РУШЕНЕ НА РАМКОВНИОТ ДОГОВ"
clips/dykgj4yojx5_000031.wav,"BO OBAA ТЕЛЕВИЗИЈА TYKY ОПШТО BO ЕНТИРАМ ЗА ФРУБИ, CE E CОЗДАВ РУШЕЊЕ НА РАМКОВНИОТ"
clips/dykgj4yojx5_000032.wav,"MOETO ПОЛИТИЧКО BO MOETO ПОЛИТИЧКО ЕНТИРАМ ЗА Г ГРУБИ, СЕ СОЗДАВА РУШЕЊЕ НА РАМКОВНИОТ доГо"
clips/dykgj4yojx5_000033.wav,"ГРУБИ, CE COЗДABА МЕНТИРАМ ЗА РАМКОВНИОТ ДОГОВ -РУШЕЊЕ HA"
clips/dykgj4yojx5_000034.wav,"ДЕЈСТВУВАНЕ. HO ВАЖНО CE МЕНТИРАМ ЗА ГРУБИ, CE СОЗДАВ -РУШЕЊЕ НА Р РАМКОВНИОТ ДОГ"
clips/dykgj4yojx5_000035.wav,MHTE РАСВЕТЛАТ НЕКОИ.. BATOA ШТО CE СЛУЧУВААТ ОСМАНИ: НЕ Е CAMO
clips/dykgj4yojx5_000036.wav,ИHT НЕКОИ.. РАСВЕТЛАТ ШТО CE СЛУЧУВААТ TOA HE E ОСМАНИ: CAMO EPBJY
clips/dykgj4yojx5_000037.wav,"1, СЕ СОЗДАВА ДЕФОКУС ОД ГЛАВНАТА ОВНИОТ ДОГОВОР"
clips/dykgj4yojx5_000038.wav,"CA HTEPE ПРЕМНОГУ ГОЛЕМИ И АЛАРМАНТНИ 1, СЕ СОЗДАВА ДЕФОКУС ОД ГЛАВНАТА ОВНИОТ ДОГОВОР"
clips/dykgj4yojx5_000039.wav,ОДРЕДУВААТ ДЕФОКУС ОД ГЛАВНАТА СЕ СОЗДАВА ОВНИОТ ДОГОВОР
clips/dykgj4yojx5_000040.wav,"СОСТОЈБИКОИ ШТО ГООДРЕДУВААТ СЕ СОЗДАВА ДЕФОИ НТИРАМ 3А ГРУБИ, РАМКОВНИОТ ДОГОВОР УШЕЊЕ HA"
clips/dykgj4yojx5_000041.wav,"ПРАВЕЦОТ НАТОА КАДЕОДИ, ТИРАМ ЗА ГРУБИ, СЕ СОЗДАВА ДЕФО РАМКОВНИОТ ДОГОВОР УШЕЊЕ НА Р"
clips/dykgj4yojx5_000042.wav,"CE СОЗДАВА ДЕФОК 3A ГРУБИ, HТИPAМ РАМКОВНИОТ Т ДОГОВОР УШЕЊЕ НА"
clips/dykgj4yojx5_000043.wav,"КАДЕОДИМЕКАКО ДРЖАВА, НТИРАМ ЗА ГРУБИ, СЕ СОЗДАВА ДЕФОК РАМКОВНИОТ ДОГОВОР УШЕЊЕ НА Р"
clips/dykgj4yojx5_000044.wav,"ЗАДА ИЗГУБИМЕ НТИРАМ ЗА ГРУБИ, СЕ СОЗДАВА ДЕФО РАМКОВНИОТ ДОГОВОР УШЕЊЕ HA"
clips/dykgj4yojx5_000045.wav,"ЕНТИРАМ ЗА ГРУБИ, СЕ СОЗДАВА ДЕФО РУШЕЊЕ НА РАМКОВНИОТ ДОГОВОР"
clips/dykgj4yojx5_000046.wav,"1 ДРАГОЦЕНОВРЕМЕ ДАРАЗГОВАРАМЕ НТИРАМ ЗА ГРУБИ, СЕ СОЗДАВА ДЕФ УШЕЊЕ НА Р РАМКОВНИОТ ДОГОВОР"
clips/dykgj4yojx5_000047.wav,"ФРУБИ, CE СОЗДАВА ГИРАМ 3A ШЕНЊЕ HA РАМКОВНИОТ ДОГОВ"
clips/dykgj4yojx5_000048.wav,"ЗАПОВЕКЕШОУ ПРАШАЊА И ШПЕКУЛАЛ СОЗДАВАД CE ЕНТИРАМ ЗА ГРУБИ, РУШЕЊЕ НА РАМКОВНИОТ ДОГОВо"
clips/dykgj4yojx5_000049.wav,Шоу ЗА ПОВЕКЕ ШПЕКУЛАЛ ПРАШАЊАИ E СОЗДАВА ГРУБИ CE ЕНТИРАМ ЗА РУШЕЊЕ НА РАМКОВНИОТ ДОГОВ
clips/dykgj4yojx5_000050.wav,"CE СОЗДАЕ 3A ГРУБИ, ЕHТИРAМ РУШЕЊЕ HA РАМКОВНИОТ"
clips/dykgj4yojx5_000051.wav,"МОЖ КОИ ШТОНИТУ ФН СЕГА ДАГИ ДА ЕНТИРАМ ЗА ГРУБИ, CE СОЗДАВА РУШЕЊЕ НА РАМКОВНИОТ ДОГОВО"
clips/dykgj4yojx5_000052.wav,"КОИ ШТОНИТУМОЖА СЕГАДАГИ ДАГИ СЕ СОЗДАВА НТИРАМ 3А ГРУБИ, РАМКОВНИОТ ДОГОВО HA УШЕЊЕ"
clips/dykgj4yojx5_000053.wav,"ДЕМАНТИРАМ, ДАГИПОТВРДАМ CE СОЗДАВА ЕНТИРАМ ЗА ГРУБИ, РУШЕЊЕ HA РАМКОВНИОТ ДОГОВ"
clips/dykgj4yojx5_000054.wav,"И МИСЛАМ ДЕКА НЕМАДА СЛУЖИ СОЗДАВА CE ТИРАМ ЗА ГРУБИ, ДЕ ДОГОВО РАМКОВНИОТ ШЕЊЕ НА"
clips/dykgj4yojx5_000055.wav,"HA HИEД JАВНОСТА НА ЕНТИРАМ ЗА ГРУБИ, СЕ СОЗДАВА УШЕЊЕ HA РАМКОВНИОТ ДОГОВ"
clips/dykgj4yojx5_000056.wav,"1 НАЧИН. CE СОЗДАВА ФРУБИ, 3A HTИPAM РАМКОВНИОТ ДОГОЕ HA УШЕЊЕ"
clips/dyki8_lm7rh_000000.wav,СОГАОЛО БОСТАН НЕМОЛДА САДИШ
clips/dyki8_lm7rh_000001.wav,КЕСИ ГО ПРОДАДЕШ КОГАЕДНАШ
clips/dyki8_lm7rh_000002.wav,ЗАМАЛО ПАРЕ
clips/dyki8_lm7rh_000003.wav,НИКОГАШНЕ МОЖЕШДАСИ
clips/dyki8_lm7rh_000004.wav,МОЖЕШДА СИ НИКОГАШ НЕ
clips/dyki8_lm7rh_000005.wav,ПОВТОРНО НАЗАД
clips/dyki8_lm7rh_000006.wav,HИ3A МНОГОПАРИ
clips/dyki8_lm7rh_000007.wav,АСТАРИТЕ БУКАА ОВАГО
clips/dyki8_lm7rh_000008.wav,АСТАРИТЕ ОВА ГО ВИКАА
clips/dym_dxmufqj_000000.wav,ДАГО АКО МОЖЕШ
clips/dym_dxmufqj_000001.wav,ДАГО АКО МОЖЕШ ЗАМЕНИШ ЖИВОТОТ
clips/dym_dxmufqj_000002.wav,СО НЕКОЛ НА ДВАЕСЕТ
clips/dym_dxmufqj_000003.wav,"HEKOJ HA ДВАЕСЕТ И ЧЕТИРИ ЧАСА,"
clips/dym_dxmufqj_000004.wav,КОЈБИ БИЛОТОА?
clips/dym_dxmufqj_000005.wav,ПРАШАНЕ. АШКАТА ПОПУЛАЦИЈА
clips/dym_dxmufqj_000006.wav,ТОЧНО ЗНАЕ СО
clips/dym_dxmufqj_000007.wav,ТОЧНО 3HAE CO 5N ЗАМЕНИЛ
clips/dym_dxmufqj_000008.wav,ДВАЕСЕТ И ЧЕТИРИ
clips/dym_dxmufqj_000009.wav,ДВАЕСЕТ ЧЕТИРИ СААТИ 5AP
clips/dym_dxmufqj_000010.wav,БОГ ДА ГО ПРОСТИ.
clips/dym_dxmufqj_000011.wav,НО НЕ БИ ПРОМЕНИЛ
clips/dym_dxmufqj_000012.wav,ME ПРАШАВТЕ AKO ПРЕДДВАЕСЕТ OBA
clips/dym_dxmufqj_000013.wav,ШЕСТ ГОДИНИ
clips/dym_dxmufqj_000014.wav,ГОДИНИ ШЕСТ CE РОДИ КОГА
clips/dym_dxmufqj_000015.wav,ПРВИОТ МОЖСИН
clips/dym_dxmufqj_000016.wav,KE ДАВАВ МОЖЕБИ
clips/dym_dxmufqj_000017.wav,KE ДАBАB 1ОЖЕБИ ДНО ОСУМНАЕСЕТ
clips/dym_dxmufqj_000018.wav,"ОДГОВОРИ, КОИ TOM KPY3 MEY"
clips/dym_dxmufqj_000019.wav,ИЕГУКОИХЛУ XEФHEР
clips/dym_dxmufqj_000020.wav,КОИ ХЖУ ХЕФНЕР ГОКАЖАВ
clips/dym_dxmufqj_000021.wav,МЕНШН ПЛЕЈБОЈ 30
clips/dym_dxmufqj_000022.wav,СААТИ. ЧЕТИРИ 5N ПРОГ МЕНИЛ HE
clips/dym_dxmufqj_000023.wav,CO МОИТЕ Ц
clips/dym_dxmufqj_000024.wav,МОИТЕ БИПРОМЕНИЛ E
clips/dym_dxmufqj_000025.wav,HИШТО ИСОЛУТНО
clips/dym_dxmufqj_000026.wav,COI НИКОJ.
clips/dym_dxmufqj_000027.wav,ИМААТ НАСМЕВКАТ JA
clips/dym_dxmufqj_000028.wav,И СРЕКАТА
clips/dym_dxmufqj_000029.wav,ГЛЕДАЛКИ ГИ
clips/dym_dxmufqj_000030.wav,ГЛЕДАЛКИ KAKO CN ДЕЦАТА
clips/dym_dxmufqj_000031.wav,СВОИ ТУРБУЛЕНЦИ
clips/dym_dxmufqj_000032.wav,"НЕРВОЗИ, CO ЗАЛУБУВАНЕ"
clips/dym_dxmufqj_000033.wav,БИДАТ ДЕЛ ОД
clips/dym_dxmufqj_000034.wav,БИДАТ AA УBОT HИВНИОТ
clips/dym_dxmufqj_000035.wav,ПЕРИОДИ С СЕ TOA.
clips/dym_dxmufqj_000036.wav,БИДАМ ТОГАШ A KE CE МЕНААТ
clips/dymblixetrz_000000.wav,ЗАВРШИ ПРЕСОТ
clips/dymblixetrz_000001.wav,"1ПРЕСОТ, ЗАВРШИ ГОСПОДИНОТ ТРАЈКО"
clips/dymblixetrz_000002.wav,СЛАВЕВСКИ СО
clips/dymblixetrz_000003.wav,СЛАВЕВСКИ СО СТИЛ НА АНТИЛОПА
clips/dymblixetrz_000004.wav,И БРЗИНА НАУСЕИН
clips/dymblixetrz_000005.wav,"ШМУГНА ОД МЕНЕ,"
clips/dymblixetrz_000006.wav,ЗАТОА ШТО САКАВ
clips/dymblixetrz_000007.wav,ШТО CAKAB ЗАТОА ПРАШАМ УШТЕ AA
clips/dymblixetrz_000008.wav,"НЕКОЕ ПРАШАЊЕ,"
clips/dymblixetrz_000009.wav,НЕГОВИТЕ ВРАБОТЕНИ.
clips/dymblixetrz_000010.wav,HЕГОBИТE ВРАБОТЕНИ. ЗАМИСЛЕТЕ AA
clips/dymblixetrz_000011.wav,ВЕ ПОКАНАТ ДОМА
clips/dymblixetrz_000012.wav,ВЕ ПОКАНАТ MA НАГОСТИ И ДА
clips/dymblixetrz_000013.wav,СВИРКААТ И ДА ВИ УКААТ.
clips/dymblixetrz_000014.wav,"E, ТОА С СЛУЧИ ВО"
clips/dymblixetrz_000015.wav,БАНКА. НАРОДНА
clips/dymblixetrz_000016.wav,НАРОДНА БАНКА. ИСТАТА BЕЧЕР
clips/dymblixetrz_000017.wav,"ВРОПСКАТА ДЕЛЕГАЦИЈА,"
clips/dymblixetrz_000018.wav,"ВРОПСКАТА ДЕЛЕГАЦИЈА, НА ЧЕЛО СО ГОСПОДИНОТ"
clips/dymblixetrz_000019.wav,"МИХАЛИС РОКАС,"
clips/dymblixetrz_000020.wav,"МИХАЛИС РОКАС, ОРГАНИЗИРАШЕ"
clips/dymblixetrz_000021.wav,РЕСТОРАН ПО ПОВОД
clips/dymblixetrz_000022.wav,"РЕСТОРАН ПО ПОВОД ДЕНОТ НА ЕУ,"
clips/dymblixetrz_000023.wav,ИЛИ АКО САКАТЕ
clips/dymblixetrz_000024.wav,"ОСЛОБОДУВАЊЕТО, БОРБАТА ПРОТИВ"
clips/dymblixetrz_000025.wav,ФАШИЗМОТ. ТОКМУ НА ТОЈ ДЕН
clips/dymblixetrz_000026.wav,"ОВОЖИСТИОТЛИК, ТРАЛКО СЛАВЕВСКИ"
clips/dymblixetrz_000027.wav,МИ ПРИЈДЕ
clips/dymblixetrz_000028.wav,МИ ПРИЖДЕ МИ РЕЧЕ ОТПРИЛИКА V
clips/dymblixetrz_000029.wav,"BAKA, ДАЛИ СУМ СЕ СЕКАВАЛ"
clips/dymblixetrz_000030.wav,ДЕКА КАКО МЕНЕ
clips/dymblixetrz_000031.wav,KAKO MEHE EKA И СОПСТВЕНИКОТ
clips/dymblixetrz_000032.wav,HА КАНАЛ 5
clips/dymblixetrz_000033.wav,НА КАНАЛ 5 ПОСТОЕЛ
clips/dymblixetrz_000034.wav,ДРУГ МАНГУП ВО
clips/dymblixetrz_000035.wav,"МЕДИУМИТЕ, ВЕЛИЈА СЕ ВИКАЛ"
clips/dymblixetrz_000036.wav,"РАМКОВСКИ, КОЈ ШТО САКАЛ"
clips/dymblixetrz_000037.wav,ИСТО КАКО НАВОДНО
clips/dymblixetrz_000038.wav,"СТО КАКО НАВОДНО ШТО СМЕ CAKAE,"
clips/dymblixetrz_000039.wav,"ДА ЈА РУШИМЕ ВЛАДАТА,"
clips/dymblixetrz_000040.wav,"А ЈА РУШИМЕ ВЛАДАТА, ВО ОВОЈ СЛУЧАЈ"
clips/dymblixetrz_000041.wav,"ВЛАДАТА И НЕГО,"
clips/dymblixetrz_000042.wav,HEГO ВЛАДАТА TAKA И ЗАВРШИЛ
clips/dymblixetrz_000043.wav,КАКО ШТО ЗАВРШИЛ
clips/dymblixetrz_000044.wav,ШТО 3АВРШИЛ KAKO И СО НАРАВОУЧЕНИЕ
clips/dymblixetrz_000045.wav,И СО НАРАВОУЧЕНИЕ КАКО ШТО ЗАВРШИЛ
clips/dymblixetrz_000046.wav,"ОД НЕГОВА СТРАНА,"
clips/dymblixetrz_000047.wav,"ОД НЕГОВА СТРАНА, ДЕКА АКО ПРОДОЛЖИМЕ,"
clips/dymblixetrz_000048.wav,ИСТОТО КЕ НИ СЕ
clips/dymblixetrz_000049.wav,KE HИ CE ИСТОТО СЛУЧИ.
clips/dymblixetrz_000050.wav,"А МОЈА ЗАПРЕПАСТЕНОСТ,"
clips/dymblixetrz_000051.wav,"MOJA ЗАПРЕПАСТЕНОСТ, A ГОСПОДИНОТТРАЛКО"
clips/dymblixetrz_000052.wav,СЛАВЕВСКИ ОВА
clips/dymblixetrz_000053.wav,СЛАВЕВСКИ ОВА О КАЖА ВО ПРИСУСТВО
clips/dymblixetrz_000054.wav,НА НЕКОЛКУ НОВИНАРИ
clips/dymblixetrz_000055.wav,"HA НЕКOЛКУ НOВИНАРИ 3A НЕГОВА НЕСРЕКА,"
clips/dymblixetrz_000056.wav,ВО ПРИСУСТВО HA НА ЛИДЕРОТ
clips/dymblixetrz_000057.wav,МУ СТЕГНА КРИВИЧНА
clips/dymblixetrz_000058.wav,КРИВИЧНА MY CTEГHA 3A ЗЛОУПОТРЕБА ПИJАВА
clips/dymblixetrz_000059.wav,MY СТEГHA КРИВИЧНА ПИЈАВА 3A ЗЛОУПОТРЕБА
clips/dymblixetrz_000060.wav,А СЛУЖБЕНА ПОЗИЦИЈА.
clips/dymblixetrz_000061.wav,КАКО МИ СЕ ЗАКАНУВА
clips/dymblixetrz_000062.wav,"КAНА 5, МЕНЕ И СОПСТВЕНИКОТ"
clips/dymblixetrz_000063.wav,НА КАНАЛ 5
